name,chemical_formula,sampleID,sample_purity,wavelengths,reflectances
Lizardite,Mg3Si2O5(OH)4,NMNHR4687.b_165um,NIC4aa,[ 1.3447871  1.345136   1.3454852 ... 24.686426  24.804543  24.923796 ],
Bloedite,Na2Mg(SO4)2*4H2O,GDS147,NIC4aau,"[  1.5283473   1.528798    1.529249  ... 199.39021   207.36581
 216.00604  ]",
Illite,"(K,H3O)(Al,Mg,Fe)2(Si,Al)4O10[(OH)2,H2O]",IMt-1.b_lt2um,NIC4aa,[ 1.3894811  1.3898535  1.3902262 ... 24.686426  24.804543  24.923796 ],
Jarosite,K(Fe+3)3(SO4)2(OH)6,GDS98_K_90C_Syn,NIC4aa,[ 1.4340675  1.4344643  1.4348613 ... 24.569429  24.686426  24.804543 ],
Anhydrite,CaSO4,GDS42_lt250um,NIC4aa,[ 1.7217383  1.7223103  1.7228827 ... 24.000731  24.112324  24.224998 ],
Thenardite,Na2SO4,GDS146,NIC4ccu,"[  1.6000477   1.6005416   1.6010358 ... 199.39021   207.36581
 216.00604  ]",
Epsomite,MgSO4*7H2O,GDS149,NIC4ccu,"[  1.4782305   1.478652    1.4790739 ... 199.39021   207.36581
 216.00604  ]",
Tremolite,Ca2Mg5Si8O22(OH)2,HS18.3B,NIC4ccc,"[  1.3780315   1.3783978   1.3787644 ... 199.39021   207.36581
 216.00604  ]",
Antigorite,"(Mg,Fe+2)3Si2O5(OH)4",NMNH96917.a_gt250,NIC4bb,[ 1.3500402  1.3503917  1.3507435 ... 24.686426  24.804543  24.923796 ],
Jarosite,K(Fe+3)3(SO4)2(OH)6,GDS99_K_200C_Syn,NIC4aa,[ 1.4242183  1.4246095  1.425001  ... 24.569429  24.686426  24.804543 ],
Talc,Mg3Si4O10(OH)2,GDS23_74-250um,NIC4aaa,"[  1.3707441   1.3711067   1.3714694 ... 199.39021   207.36581
 216.00604  ]",
Calcite,CaCO3,WS272,NIC4aaa,"[  1.5829479   1.5834312   1.5839151 ... 199.39021   207.36581
 216.00604  ]",
Antigorite,"(Mg,Fe+2)3Si2O5(OH)4",NMNH96917.c_120,NIC4bb,[ 1.3747425  1.3751072  1.3754721 ... 24.686426  24.804543  24.923796 ],
Pyrite,FeS2,GDS483.c_30-60um,NIC4cdb,"[  1.2805996   1.2809869   1.2813035 ... 136.42429   140.11142
 144.00337  ]",
Alunite,KAl3(SO4)2(OH)6,GDS84_Na03,NIC4aa,[ 1.4590921  1.4595029  1.4599138 ... 24.569429  24.686426  24.804543 ],
Halite,NaCl,HS433.3B,NIC4aau,"[  1.868837    1.869511    1.8701854 ... 199.39021   207.36581
 216.00604  ]",
Antigorite,"(Mg,Fe+2)3Si2O5(OH)4",NMNH96917.e_32um,NIC4bb,[ 1.3696576  1.3700196  1.3703818 ... 24.569429  24.686426  24.804543 ],
Dolomite,CaMg(CO3)2,HS102.3B,NIC4bbb,"[  1.553072    1.5535375   1.5540031 ... 172.80489   178.76367
 185.14809  ]",
Sulfur,S,GDS94_Reagent,NIC4aa,[ 2.0996981  2.1005487  2.1014004 ... 24.686426  24.804543  24.923796 ],
Montmorillonite,"(Na,Ca)0.33(Al,Mg)2Si4O10(OH)2*nH20",SWy-1,NIC4bcc,"[  1.3794982   1.3798655   1.3802328 ... 199.39021   207.36581
 216.00604  ]",
Siderite,FeCO3,HS271.3B,NIC4aa,[ 1.4242183  1.4246095  1.425001  ... 24.686426  24.804543  24.923796 ],
Enstatite,Mg2Si2O6,NMNH128288,NIC4ccc,"[  1.6276779   1.6281891   1.6287007 ... 172.80489   178.76367
 185.14809  ]",
Jarosite,Na(Fe+3)3(SO4)2(OH)6,GDS100_Na_90C_Syn,NIC4aa,[ 1.4145032  1.4148892  1.4152753 ... 24.453537  24.569429  24.686426 ],
Bassanite,2CaSO4*H2O,GDS145_(syn),NIC4aau,"[  1.5234071   1.5238549   1.524303  ... 199.39021   207.36581
 216.00604  ]",
Antigorite,"(Mg,Fe+2)3Si2O5(OH)4",NMNH96917.b_165,NIC4bb,[ 1.3350899  1.3354337  1.3357779 ... 24.569429  24.686426  24.804543 ],
Mirabilite,Na2SO4*10H2O,GDS150_Na2SO4,NIC4aa,[ 1.6074898  1.6079884  1.608487  ... 24.569429  24.686426  24.804543 ],
Magnetite,Fe+2(Fe+3)2O4,HS195.3B,NIC4bbu,"[  1.4996107   1.5000446   1.5004789 ... 123.43254   126.44309
 129.60419  ]",
Cronstedtite,"Fe+22Fe+3(Si,Fe+3)O5(OH)4",M3542,NIC4bb,[ 1.5781291  1.5786096  1.5790905 ... 24.224998  24.338732  24.453537 ],
Gypsum,CaSO4*2H20,HS333.3B_(Selenite),NIC4aaa,"[  1.4045392   1.4049199   1.4053007 ... 199.39021   207.36581
 216.00604  ]",
Lizardite,Mg3Si2O5(OH)4,NMNHR4687.c_70um,NIC4aa,[ 1.3447871  1.345136   1.3454852 ... 24.686426  24.804543  24.923796 ],
Antigorite,"(Mg,Fe+2)3Si2O5(OH)4",NMNH96917.d_70um,NIC4bb,[ 1.3696576  1.3700196  1.3703818 ... 24.686426  24.804543  24.923796 ],
Jarosite,Na(Fe+3)3(SO4)2(OH)6,GDS101_Na_200C_Syn,NIC4aa,[ 1.429323   1.4297171  1.4301115 ... 24.686426  24.804543  24.923796 ],
Brucite,Mg(OH)2,HS247.3B,NIC4ccc,"[  1.5234071   1.5238549   1.524303  ... 199.39021   207.36581
 216.00604  ]",
Trona,Na3(CO3)(HCO3)*2H2O,GDS148,NIC4aau,"[  1.4996107   1.5000446   1.5004789 ... 199.39021   207.36581
 216.00604  ]",
Nesquehonite,MgCO3183;3H2O,R050639,Not given by RRUFF,"[ 2.50022502  2.50143144  2.50263841 ... 26.45646126 26.59213777
 26.72921303]",
Graphite,C,R050503,Not given by RRUFF,"[ 2.50022502  2.50143144  2.50263841 ... 24.81084214 24.93012709
 25.05056456]",
Magnesite,MgCO3,R050676,Not given by RRUFF,"[ 2.49902038  2.50022502  2.50143144 ... 24.8108483  24.93012709
 25.05056456]",
Quartz,SiO2,R040031,Not given by RRUFF,"[ 2.50022502  2.50143144  2.50263841 ... 24.81084214 24.93012709
 25.05056456]",
Sylvite,KCl,R050166,Not given by RRUFF,"[ 2.50022502  2.50143144  2.50263841 ... 26.45646126 26.59213777
 26.72921303]",
Nahcolite,NaHCO3,R070237,Not given by RRUFF,"[ 2.50022502  2.50143144  2.50263841 ... 26.45646126 26.59213777
 26.72921303]",
Hydromagnesite,Mg5(CO3)4(OH)2183;4H2O,R060011,Not given by RRUFF,"[ 2.49902038  2.50022502  2.50143144 ... 24.8108483  24.93012709
 25.05056456]",
Magnesite,MgCO3,R040114,Not given by RRUFF,"[ 2.50022502  2.50143144  2.50263841 ... 24.81084214 24.93012709
 25.05056456]",
Hydrohalite,NaCl*2H2O,Hydrohalite,Not given,[1.11107445 1.11119346 1.11131263 ... 2.701425   2.70212868 2.70283273],
Water_Ice,H2O,70micron_70K,Not given,"[0.45 0.5  0.55 0.6  0.65 0.7  0.75 0.8  0.85 0.9  0.95 1.   1.   1.01
 1.02 1.03 1.04 1.05 1.06 1.07 1.08 1.09 1.1  1.11 1.12 1.13 1.14 1.15
 1.16 1.17 1.18 1.19 1.2  1.21 1.22 1.23 1.24 1.25 1.26 1.27 1.28 1.29
 1.3  1.31 1.32 1.33 1.34 1.35 1.36 1.37 1.38 1.39 1.4  1.41 1.42 1.43
 1.44 1.45 1.46 1.47 1.48 1.49 1.5  1.51 1.52 1.53 1.54 1.55 1.56 1.57
 1.58 1.59 1.6  1.61 1.62 1.63 1.64 1.65 1.66 1.67 1.68 1.69 1.7  1.71
 1.72 1.73 1.74 1.75 1.76 1.77 1.78 1.79 1.8  1.81 1.82 1.83 1.84 1.85
 1.86 1.87 1.88 1.89 1.9  1.91 1.92 1.93 1.94 1.95 1.96 1.97 1.98 1.99
 2.   2.01 2.02 2.03 2.04 2.05 2.06 2.07 2.08 2.09 2.1  2.11 2.12 2.13
 2.14 2.15 2.16 2.17 2.18 2.19 2.2  2.21 2.22 2.23 2.24 2.25 2.26 2.27
 2.28 2.29 2.3  2.31 2.32 2.33 2.34 2.35 2.36 2.37 2.38 2.39 2.4  2.41
 2.42 2.43 2.44 2.45 2.46 2.47 2.48 2.49 2.5  2.51 2.52 2.53 2.54 2.55
 2.56 2.57 2.58 2.59 2.6  2.61 2.62 2.63 2.64 2.65 2.66 2.67 2.68 2.69
 2.7  2.71 2.72 2.73 2.74 2.75 2.76 2.77 2.78 2.79 2.8  2.81 2.82 2.83
 2.84 2.85 2.86 2.87 2.88 2.89 2.9  2.91 2.92 2.93 2.94 2.95 2.96 2.97
 2.98 2.99 3.   3.01 3.02 3.03 3.04 3.05 3.06 3.07 3.08 3.09 3.1  3.11
 3.12 3.13 3.14 3.15 3.16 3.17 3.18 3.19 3.2  3.21 3.22 3.23 3.24 3.25
 3.26 3.27 3.28 3.29 3.3  3.31 3.32 3.33 3.34 3.35 3.36 3.37 3.38 3.39
 3.4  3.41 3.42 3.43 3.44 3.45 3.46 3.47 3.48 3.49 3.5  3.51 3.52 3.53
 3.54 3.55 3.56 3.57 3.58 3.59 3.6  3.6  3.65 3.7  3.75 3.8  3.85 3.9
 3.95 4.   4.05 4.1  4.15 4.2 ]",
Water_Ice,H2O,1060micron_140K,Not given,"[0.45 0.5  0.55 0.6  0.65 0.7  0.75 0.8  0.85 0.9  0.95 1.   1.01 1.02
 1.03 1.04 1.05 1.06 1.07 1.08 1.09 1.1  1.11 1.12 1.13 1.14 1.15 1.16
 1.17 1.18 1.19 1.2  1.21 1.22 1.23 1.24 1.25 1.26 1.27 1.28 1.29 1.3
 1.31 1.32 1.33 1.34 1.35 1.36 1.37 1.38 1.39 1.4  1.41 1.42 1.43 1.44
 1.45 1.46 1.47 1.48 1.49 1.5  1.51 1.52 1.53 1.54 1.55 1.56 1.57 1.58
 1.59 1.6  1.61 1.62 1.63 1.64 1.65 1.66 1.67 1.68 1.69 1.7  1.71 1.72
 1.73 1.74 1.75 1.76 1.77 1.78 1.79 1.8  1.81 1.82 1.83 1.84 1.85 1.86
 1.87 1.88 1.89 1.9  1.91 1.92 1.93 1.94 1.95 1.96 1.97 1.98 1.99 2.
 2.01 2.02 2.03 2.04 2.05 2.06 2.07 2.08 2.09 2.1  2.11 2.12 2.13 2.14
 2.15 2.16 2.17 2.18 2.19 2.2  2.21 2.22 2.23 2.24 2.25 2.26 2.27 2.28
 2.29 2.3  2.31 2.32 2.33 2.34 2.35 2.36 2.37 2.38 2.39 2.4  2.41 2.42
 2.43 2.44 2.45 2.46 2.47 2.48 2.49 2.5  2.51 2.52 2.53 2.54 2.55 2.56
 2.57 2.58 2.59 2.6  2.61 2.62 2.63 2.64 2.65 2.66 2.67 2.68 2.69 2.7
 2.71 2.72 2.73 2.74 2.75 2.76 2.77 2.78 2.79 2.8  2.81 2.82 2.83 2.84
 2.85 2.86 2.87 2.88 2.89 2.9  2.91 2.92 2.93 2.94 2.95 2.96 2.97 2.98
 2.99 3.   3.01 3.02 3.03 3.04 3.05 3.06 3.07 3.08 3.09 3.1  3.11 3.12
 3.13 3.14 3.15 3.16 3.17 3.18 3.19 3.2  3.21 3.22 3.23 3.24 3.25 3.26
 3.27 3.28 3.29 3.3  3.31 3.32 3.33 3.34 3.35 3.36 3.37 3.38 3.39 3.4
 3.41 3.42 3.43 3.44 3.45 3.46 3.47 3.48 3.49 3.5  3.51 3.52 3.53 3.54
 3.55 3.56 3.57 3.58 3.59 3.6  3.65 3.7  3.75 3.8  3.85 3.9  3.95 4.
 4.05 4.1  4.15 4.2 ]",
Water_Ice,H2O,mix_77pc70micron_23pc1060micron,Not given,"[0.45 0.5  0.55 0.6  0.65 0.7  0.75 0.8  0.85 0.9  0.95 1.   1.01 1.02
 1.03 1.04 1.05 1.06 1.07 1.08 1.09 1.1  1.11 1.12 1.13 1.14 1.15 1.16
 1.17 1.18 1.19 1.2  1.21 1.22 1.23 1.24 1.25 1.26 1.27 1.28 1.29 1.3
 1.31 1.32 1.33 1.34 1.35 1.36 1.37 1.38 1.39 1.4  1.41 1.42 1.43 1.44
 1.45 1.46 1.47 1.48 1.49 1.5  1.51 1.52 1.53 1.54 1.55 1.56 1.57 1.58
 1.59 1.6  1.61 1.62 1.63 1.64 1.65 1.66 1.67 1.68 1.69 1.7  1.71 1.72
 1.73 1.74 1.75 1.76 1.77 1.78 1.79 1.8  1.81 1.82 1.83 1.84 1.85 1.86
 1.87 1.88 1.89 1.9  1.91 1.92 1.93 1.94 1.95 1.96 1.97 1.98 1.99 2.
 2.01 2.02 2.03 2.04 2.05 2.06 2.07 2.08 2.09 2.1  2.11 2.12 2.13 2.14
 2.15 2.16 2.17 2.18 2.19 2.2  2.21 2.22 2.23 2.24 2.25 2.26 2.27 2.28
 2.29 2.3  2.31 2.32 2.33 2.34 2.35 2.36 2.37 2.38 2.39 2.4  2.41 2.42
 2.43 2.44 2.45 2.46 2.47 2.48 2.49 2.5  2.51 2.52 2.53 2.54 2.55 2.56
 2.57 2.58 2.59 2.6  2.61 2.62 2.63 2.64 2.65 2.66 2.67 2.68 2.69 2.7
 2.71 2.72 2.73 2.74 2.75 2.76 2.77 2.78 2.79 2.8  2.81 2.82 2.83 2.84
 2.85 2.86 2.87 2.88 2.89 2.9  2.91 2.92 2.93 2.94 2.95 2.96 2.97 2.98
 2.99 3.   3.01 3.02 3.03 3.04 3.05 3.06 3.07 3.08 3.09 3.1  3.11 3.12
 3.13 3.14 3.15 3.16 3.17 3.18 3.19 3.2  3.21 3.22 3.23 3.24 3.25 3.26
 3.27 3.28 3.29 3.3  3.31 3.32 3.33 3.34 3.35 3.36 3.37 3.38 3.39 3.4
 3.41 3.42 3.43 3.44 3.45 3.46 3.47 3.48 3.49 3.5  3.51 3.52 3.53 3.54
 3.55 3.56 3.57 3.58 3.59 3.6  3.65 3.7  3.75 3.8  3.85 3.9  3.95 4.
 4.05 4.1  4.15 4.2 ]",
Water_Ice,H2O,680micron_70K,Not given,"[0.45 0.5  0.55 0.6  0.65 0.7  0.75 0.8  0.85 0.9  0.95 1.   1.01 1.02
 1.03 1.04 1.05 1.06 1.07 1.08 1.09 1.1  1.11 1.12 1.13 1.14 1.15 1.16
 1.17 1.18 1.19 1.2  1.21 1.22 1.23 1.24 1.25 1.26 1.27 1.28 1.29 1.3
 1.31 1.32 1.33 1.34 1.35 1.36 1.37 1.38 1.39 1.4  1.41 1.42 1.43 1.44
 1.45 1.46 1.47 1.48 1.49 1.5  1.51 1.52 1.53 1.54 1.55 1.56 1.57 1.58
 1.59 1.6  1.61 1.62 1.63 1.64 1.65 1.66 1.67 1.68 1.69 1.7  1.71 1.72
 1.73 1.74 1.75 1.76 1.77 1.78 1.79 1.8  1.81 1.82 1.83 1.84 1.85 1.86
 1.87 1.88 1.89 1.9  1.91 1.92 1.93 1.94 1.95 1.96 1.97 1.98 1.99 2.
 2.01 2.02 2.03 2.04 2.05 2.06 2.07 2.08 2.09 2.1  2.11 2.12 2.13 2.14
 2.15 2.16 2.17 2.18 2.19 2.2  2.21 2.22 2.23 2.24 2.25 2.26 2.27 2.28
 2.29 2.3  2.31 2.32 2.33 2.34 2.35 2.36 2.37 2.38 2.39 2.4  2.41 2.42
 2.43 2.44 2.45 2.46 2.47 2.48 2.49 2.5  2.51 2.52 2.53 2.54 2.55 2.56
 2.57 2.58 2.59 2.6  2.61 2.62 2.63 2.64 2.65 2.66 2.67 2.68 2.69 2.7
 2.71 2.72 2.73 2.74 2.75 2.76 2.77 2.78 2.79 2.8  2.81 2.82 2.83 2.84
 2.85 2.86 2.87 2.88 2.89 2.9  2.91 2.92 2.93 2.94 2.95 2.96 2.97 2.98
 2.99 3.   3.01 3.02 3.03 3.04 3.05 3.06 3.07 3.08 3.09 3.1  3.11 3.12
 3.13 3.14 3.15 3.16 3.17 3.18 3.19 3.2  3.21 3.22 3.23 3.24 3.25 3.26
 3.27 3.28 3.29 3.3  3.31 3.32 3.33 3.34 3.35 3.36 3.37 3.38 3.39 3.4
 3.41 3.42 3.43 3.44 3.45 3.46 3.47 3.48 3.49 3.5  3.51 3.52 3.53 3.54
 3.55 3.56 3.57 3.58 3.59 3.6  3.65 3.7  3.75 3.8  3.85 3.9  3.95 4.
 4.05 4.1  4.15 4.2 ]",
Water_Ice,H2O,300micron_sph_150K,Not given,"[0.45 0.5  0.55 0.6  0.65 0.7  0.75 0.8  0.85 0.9  0.95 1.   1.01 1.02
 1.03 1.04 1.05 1.06 1.07 1.08 1.09 1.1  1.11 1.12 1.13 1.14 1.15 1.16
 1.17 1.18 1.19 1.2  1.21 1.22 1.23 1.24 1.25 1.26 1.27 1.28 1.29 1.3
 1.31 1.32 1.33 1.34 1.35 1.36 1.37 1.38 1.39 1.4  1.41 1.42 1.43 1.44
 1.45 1.46 1.47 1.48 1.49 1.5  1.51 1.52 1.53 1.54 1.55 1.56 1.57 1.58
 1.59 1.6  1.61 1.62 1.63 1.64 1.65 1.66 1.67 1.68 1.69 1.7  1.71 1.72
 1.73 1.74 1.75 1.76 1.77 1.78 1.79 1.8  1.81 1.82 1.83 1.84 1.85 1.86
 1.87 1.88 1.89 1.9  1.91 1.92 1.93 1.94 1.95 1.96 1.97 1.98 1.99 2.
 2.01 2.02 2.03 2.04 2.05 2.06 2.07 2.08 2.09 2.1  2.11 2.12 2.13 2.14
 2.15 2.16 2.17 2.18 2.19 2.2  2.21 2.22 2.23 2.24 2.25 2.26 2.27 2.28
 2.29 2.3  2.31 2.32 2.33 2.34 2.35 2.36 2.37 2.38 2.39 2.4  2.41 2.42
 2.43 2.44 2.45 2.46 2.47 2.48 2.49 2.5  2.51 2.52 2.53 2.54 2.55 2.56
 2.57 2.58 2.59 2.6  2.61 2.62 2.63 2.64 2.65 2.66 2.67 2.68 2.69 2.7
 2.71 2.72 2.73 2.74 2.75 2.76 2.77 2.78 2.79 2.8  2.81 2.82 2.83 2.84
 2.85 2.86 2.87 2.88 2.89 2.9  2.91 2.92 2.93 2.94 2.95 2.96 2.97 2.98
 2.99 3.   3.01 3.02 3.03 3.04 3.05 3.06 3.07 3.08 3.09 3.1  3.11 3.12
 3.13 3.14 3.15 3.16 3.17 3.18 3.19 3.2  3.21 3.22 3.23 3.24 3.25 3.26
 3.27 3.28 3.29 3.3  3.31 3.32 3.33 3.34 3.35 3.36 3.37 3.38 3.39 3.4
 3.41 3.42 3.43 3.44 3.45 3.46 3.47 3.48 3.49 3.5  3.51 3.52 3.53 3.54
 3.55 3.56 3.57 3.58 3.59 3.6  3.65 3.7  3.75 3.8  3.85 3.9  3.95 4.
 4.05 4.1  4.15 4.2 ]",
Water_Ice,H2O,mix_52pc70micron_48pc1060micron,Not given,"[0.45 0.5  0.55 0.6  0.65 0.7  0.75 0.8  0.85 0.9  0.95 1.   1.01 1.02
 1.03 1.04 1.05 1.06 1.07 1.08 1.09 1.1  1.11 1.12 1.13 1.14 1.15 1.16
 1.17 1.18 1.19 1.2  1.21 1.22 1.23 1.24 1.25 1.26 1.27 1.28 1.29 1.3
 1.31 1.32 1.33 1.34 1.35 1.36 1.37 1.38 1.39 1.4  1.41 1.42 1.43 1.44
 1.45 1.46 1.47 1.48 1.49 1.5  1.51 1.52 1.53 1.54 1.55 1.56 1.57 1.58
 1.59 1.6  1.61 1.62 1.63 1.64 1.65 1.66 1.67 1.68 1.69 1.7  1.71 1.72
 1.73 1.74 1.75 1.76 1.77 1.78 1.79 1.8  1.81 1.82 1.83 1.84 1.85 1.86
 1.87 1.88 1.89 1.9  1.91 1.92 1.93 1.94 1.95 1.96 1.97 1.98 1.99 2.
 2.01 2.02 2.03 2.04 2.05 2.06 2.07 2.08 2.09 2.1  2.11 2.12 2.13 2.14
 2.15 2.16 2.17 2.18 2.19 2.2  2.21 2.22 2.23 2.24 2.25 2.26 2.27 2.28
 2.29 2.3  2.31 2.32 2.33 2.34 2.35 2.36 2.37 2.38 2.39 2.4  2.41 2.42
 2.43 2.44 2.45 2.46 2.47 2.48 2.49 2.5  2.51 2.52 2.53 2.54 2.55 2.56
 2.57 2.58 2.59 2.6  2.61 2.62 2.63 2.64 2.65 2.66 2.67 2.68 2.69 2.7
 2.71 2.72 2.73 2.74 2.75 2.76 2.77 2.78 2.79 2.8  2.81 2.82 2.83 2.84
 2.85 2.86 2.87 2.88 2.89 2.9  2.91 2.92 2.93 2.94 2.95 2.96 2.97 2.98
 2.99 3.   3.01 3.02 3.03 3.04 3.05 3.06 3.07 3.08 3.09 3.1  3.11 3.12
 3.13 3.14 3.15 3.16 3.17 3.18 3.19 3.2  3.21 3.22 3.23 3.24 3.25 3.26
 3.27 3.28 3.29 3.3  3.31 3.32 3.33 3.34 3.35 3.36 3.37 3.38 3.39 3.4
 3.41 3.42 3.43 3.44 3.45 3.46 3.47 3.48 3.49 3.5  3.51 3.52 3.53 3.54
 3.55 3.56 3.57 3.58 3.59 3.6  3.65 3.7  3.75 3.8  3.85 3.9  3.95 4.
 4.05 4.1  4.15 4.2 ]",
Water_Ice,H2O,1360micron_150K,Not given,"[0.45 0.5  0.55 0.6  0.65 0.7  0.75 0.8  0.85 0.9  0.95 1.   1.01 1.02
 1.03 1.04 1.05 1.06 1.07 1.08 1.09 1.1  1.11 1.12 1.13 1.14 1.15 1.16
 1.17 1.18 1.19 1.2  1.21 1.22 1.23 1.24 1.25 1.26 1.27 1.28 1.29 1.3
 1.31 1.32 1.33 1.34 1.35 1.36 1.37 1.38 1.39 1.4  1.41 1.42 1.43 1.44
 1.45 1.46 1.47 1.48 1.49 1.5  1.51 1.52 1.53 1.54 1.55 1.56 1.57 1.58
 1.59 1.6  1.61 1.62 1.63 1.64 1.65 1.66 1.67 1.68 1.69 1.7  1.71 1.72
 1.73 1.74 1.75 1.76 1.77 1.78 1.79 1.8  1.81 1.82 1.83 1.84 1.85 1.86
 1.87 1.88 1.89 1.9  1.91 1.92 1.93 1.94 1.95 1.96 1.97 1.98 1.99 2.
 2.01 2.02 2.03 2.04 2.05 2.06 2.07 2.08 2.09 2.1  2.11 2.12 2.13 2.14
 2.15 2.16 2.17 2.18 2.19 2.2  2.21 2.22 2.23 2.24 2.25 2.26 2.27 2.28
 2.29 2.3  2.31 2.32 2.33 2.34 2.35 2.36 2.37 2.38 2.39 2.4  2.41 2.42
 2.43 2.44 2.45 2.46 2.47 2.48 2.49 2.5  2.51 2.52 2.53 2.54 2.55 2.56
 2.57 2.58 2.59 2.6  2.61 2.62 2.63 2.64 2.65 2.66 2.67 2.68 2.69 2.7
 2.71 2.72 2.73 2.74 2.75 2.76 2.77 2.78 2.79 2.8  2.81 2.82 2.83 2.84
 2.85 2.86 2.87 2.88 2.89 2.9  2.91 2.92 2.93 2.94 2.95 2.96 2.97 2.98
 2.99 3.   3.01 3.02 3.03 3.04 3.05 3.06 3.07 3.08 3.09 3.1  3.11 3.12
 3.13 3.14 3.15 3.16 3.17 3.18 3.19 3.2  3.21 3.22 3.23 3.24 3.25 3.26
 3.27 3.28 3.29 3.3  3.31 3.32 3.33 3.34 3.35 3.36 3.37 3.38 3.39 3.4
 3.41 3.42 3.43 3.44 3.45 3.46 3.47 3.48 3.49 3.5  3.51 3.52 3.53 3.54
 3.55 3.56 3.57 3.58 3.59 3.6  3.65 3.7  3.75 3.8  3.85 3.9  3.95 4.
 4.05 4.1  4.15 4.2 ]",
Water_Ice,H2O,70micron_140K,Not given,"[0.45 0.5  0.55 0.6  0.65 0.7  0.75 0.8  0.85 0.9  0.95 1.   1.01 1.02
 1.03 1.04 1.05 1.06 1.07 1.08 1.09 1.1  1.11 1.12 1.13 1.14 1.15 1.16
 1.17 1.18 1.19 1.2  1.21 1.22 1.23 1.24 1.25 1.26 1.27 1.28 1.29 1.3
 1.31 1.32 1.33 1.34 1.35 1.36 1.37 1.38 1.39 1.4  1.41 1.42 1.43 1.44
 1.45 1.46 1.47 1.48 1.49 1.5  1.51 1.52 1.53 1.54 1.55 1.56 1.57 1.58
 1.59 1.6  1.61 1.62 1.63 1.64 1.65 1.66 1.67 1.68 1.69 1.7  1.71 1.72
 1.73 1.74 1.75 1.76 1.77 1.78 1.79 1.8  1.81 1.82 1.83 1.84 1.85 1.86
 1.87 1.88 1.89 1.9  1.91 1.92 1.93 1.94 1.95 1.96 1.97 1.98 1.99 2.
 2.01 2.02 2.03 2.04 2.05 2.06 2.07 2.08 2.09 2.1  2.11 2.12 2.13 2.14
 2.15 2.16 2.17 2.18 2.19 2.2  2.21 2.22 2.23 2.24 2.25 2.26 2.27 2.28
 2.29 2.3  2.31 2.32 2.33 2.34 2.35 2.36 2.37 2.38 2.39 2.4  2.41 2.42
 2.43 2.44 2.45 2.46 2.47 2.48 2.49 2.5  2.51 2.52 2.53 2.54 2.55 2.56
 2.57 2.58 2.59 2.6  2.61 2.62 2.63 2.64 2.65 2.66 2.67 2.68 2.69 2.7
 2.71 2.72 2.73 2.74 2.75 2.76 2.77 2.78 2.79 2.8  2.81 2.82 2.83 2.84
 2.85 2.86 2.87 2.88 2.89 2.9  2.91 2.92 2.93 2.94 2.95 2.96 2.97 2.98
 2.99 3.   3.01 3.02 3.03 3.04 3.05 3.06 3.07 3.08 3.09 3.1  3.11 3.12
 3.13 3.14 3.15 3.16 3.17 3.18 3.19 3.2  3.21 3.22 3.23 3.24 3.25 3.26
 3.27 3.28 3.29 3.3  3.31 3.32 3.33 3.34 3.35 3.36 3.37 3.38 3.39 3.4
 3.41 3.42 3.43 3.44 3.45 3.46 3.47 3.48 3.49 3.5  3.51 3.52 3.53 3.54
 3.55 3.56 3.57 3.58 3.59 3.6  3.65 3.7  3.75 3.8  3.85 3.9  3.95 4.
 4.05 4.1  4.15 4.2 ]",
Water_Ice,H2O,680micron_120K,Not given,"[0.45 0.5  0.55 0.6  0.65 0.7  0.75 0.8  0.85 0.9  0.95 1.   1.01 1.02
 1.03 1.04 1.05 1.06 1.07 1.08 1.09 1.1  1.11 1.12 1.13 1.14 1.15 1.16
 1.17 1.18 1.19 1.2  1.21 1.22 1.23 1.24 1.25 1.26 1.27 1.28 1.29 1.3
 1.31 1.32 1.33 1.34 1.35 1.36 1.37 1.38 1.39 1.4  1.41 1.42 1.43 1.44
 1.45 1.46 1.47 1.48 1.49 1.5  1.51 1.52 1.53 1.54 1.55 1.56 1.57 1.58
 1.59 1.6  1.61 1.62 1.63 1.64 1.65 1.66 1.67 1.68 1.69 1.7  1.71 1.72
 1.73 1.74 1.75 1.76 1.77 1.78 1.79 1.8  1.81 1.82 1.83 1.84 1.85 1.86
 1.87 1.88 1.89 1.9  1.91 1.92 1.93 1.94 1.95 1.96 1.97 1.98 1.99 2.
 2.01 2.02 2.03 2.04 2.05 2.06 2.07 2.08 2.09 2.1  2.11 2.12 2.13 2.14
 2.15 2.16 2.17 2.18 2.19 2.2  2.21 2.22 2.23 2.24 2.25 2.26 2.27 2.28
 2.29 2.3  2.31 2.32 2.33 2.34 2.35 2.36 2.37 2.38 2.39 2.4  2.41 2.42
 2.43 2.44 2.45 2.46 2.47 2.48 2.49 2.5  2.51 2.52 2.53 2.54 2.55 2.56
 2.57 2.58 2.59 2.6  2.61 2.62 2.63 2.64 2.65 2.66 2.67 2.68 2.69 2.7
 2.71 2.72 2.73 2.74 2.75 2.76 2.77 2.78 2.79 2.8  2.81 2.82 2.83 2.84
 2.85 2.86 2.87 2.88 2.89 2.9  2.91 2.92 2.93 2.94 2.95 2.96 2.97 2.98
 2.99 3.   3.01 3.02 3.03 3.04 3.05 3.06 3.07 3.08 3.09 3.1  3.11 3.12
 3.13 3.14 3.15 3.16 3.17 3.18 3.19 3.2  3.21 3.22 3.23 3.24 3.25 3.26
 3.27 3.28 3.29 3.3  3.31 3.32 3.33 3.34 3.35 3.36 3.37 3.38 3.39 3.4
 3.41 3.42 3.43 3.44 3.45 3.46 3.47 3.48 3.49 3.5  3.51 3.52 3.53 3.54
 3.55 3.56 3.57 3.58 3.59 3.6  3.65 3.7  3.75 3.8  3.85 3.9  3.95 4.
 4.05 4.1  4.15 4.2 ]",
Water_Ice,H2O,70micron_110K,Not given,"[0.45 0.5  0.55 0.6  0.65 0.7  0.75 0.8  0.85 0.9  0.95 1.   1.01 1.02
 1.03 1.04 1.05 1.06 1.07 1.08 1.09 1.1  1.11 1.12 1.13 1.14 1.15 1.16
 1.17 1.18 1.19 1.2  1.21 1.22 1.23 1.24 1.25 1.26 1.27 1.28 1.29 1.3
 1.31 1.32 1.33 1.34 1.35 1.36 1.37 1.38 1.39 1.4  1.41 1.42 1.43 1.44
 1.45 1.46 1.47 1.48 1.49 1.5  1.51 1.52 1.53 1.54 1.55 1.56 1.57 1.58
 1.59 1.6  1.61 1.62 1.63 1.64 1.65 1.66 1.67 1.68 1.69 1.7  1.71 1.72
 1.73 1.74 1.75 1.76 1.77 1.78 1.79 1.8  1.81 1.82 1.83 1.84 1.85 1.86
 1.87 1.88 1.89 1.9  1.91 1.92 1.93 1.94 1.95 1.96 1.97 1.98 1.99 2.
 2.01 2.02 2.03 2.04 2.05 2.06 2.07 2.08 2.09 2.1  2.11 2.12 2.13 2.14
 2.15 2.16 2.17 2.18 2.19 2.2  2.21 2.22 2.23 2.24 2.25 2.26 2.27 2.28
 2.29 2.3  2.31 2.32 2.33 2.34 2.35 2.36 2.37 2.38 2.39 2.4  2.41 2.42
 2.43 2.44 2.45 2.46 2.47 2.48 2.49 2.5  2.51 2.52 2.53 2.54 2.55 2.56
 2.57 2.58 2.59 2.6  2.61 2.62 2.63 2.64 2.65 2.66 2.67 2.68 2.69 2.7
 2.71 2.72 2.73 2.74 2.75 2.76 2.77 2.78 2.79 2.8  2.81 2.82 2.83 2.84
 2.85 2.86 2.87 2.88 2.89 2.9  2.91 2.92 2.93 2.94 2.95 2.96 2.97 2.98
 2.99 3.   3.01 3.02 3.03 3.04 3.05 3.06 3.07 3.08 3.09 3.1  3.11 3.12
 3.13 3.14 3.15 3.16 3.17 3.18 3.19 3.2  3.21 3.22 3.23 3.24 3.25 3.26
 3.27 3.28 3.29 3.3  3.31 3.32 3.33 3.34 3.35 3.36 3.37 3.38 3.39 3.4
 3.41 3.42 3.43 3.44 3.45 3.46 3.47 3.48 3.49 3.5  3.51 3.52 3.53 3.54
 3.55 3.56 3.57 3.58 3.59 3.6  3.65 3.7  3.75 3.8  3.85 3.9  3.95 4.
 4.05 4.1  4.15 4.2 ]",
Water_Ice,H2O,1360micron_100K,Not given,"[0.45 0.5  0.55 0.6  0.65 0.7  0.75 0.8  0.85 0.9  0.95 1.   1.01 1.02
 1.03 1.04 1.05 1.06 1.07 1.08 1.09 1.1  1.11 1.12 1.13 1.14 1.15 1.16
 1.17 1.18 1.19 1.2  1.21 1.22 1.23 1.24 1.25 1.26 1.27 1.28 1.29 1.3
 1.31 1.32 1.33 1.34 1.35 1.36 1.37 1.38 1.39 1.4  1.41 1.42 1.43 1.44
 1.45 1.46 1.47 1.48 1.49 1.5  1.51 1.52 1.53 1.54 1.55 1.56 1.57 1.58
 1.59 1.6  1.61 1.62 1.63 1.64 1.65 1.66 1.67 1.68 1.69 1.7  1.71 1.72
 1.73 1.74 1.75 1.76 1.77 1.78 1.79 1.8  1.81 1.82 1.83 1.84 1.85 1.86
 1.87 1.88 1.89 1.9  1.91 1.92 1.93 1.94 1.95 1.96 1.97 1.98 1.99 2.
 2.01 2.02 2.03 2.04 2.05 2.06 2.07 2.08 2.09 2.1  2.11 2.12 2.13 2.14
 2.15 2.16 2.17 2.18 2.19 2.2  2.21 2.22 2.23 2.24 2.25 2.26 2.27 2.28
 2.29 2.3  2.31 2.32 2.33 2.34 2.35 2.36 2.37 2.38 2.39 2.4  2.41 2.42
 2.43 2.44 2.45 2.46 2.47 2.48 2.49 2.5  2.51 2.52 2.53 2.54 2.55 2.56
 2.57 2.58 2.59 2.6  2.61 2.62 2.63 2.64 2.65 2.66 2.67 2.68 2.69 2.7
 2.71 2.72 2.73 2.74 2.75 2.76 2.77 2.78 2.79 2.8  2.81 2.82 2.83 2.84
 2.85 2.86 2.87 2.88 2.89 2.9  2.91 2.92 2.93 2.94 2.95 2.96 2.97 2.98
 2.99 3.   3.01 3.02 3.03 3.04 3.05 3.06 3.07 3.08 3.09 3.1  3.11 3.12
 3.13 3.14 3.15 3.16 3.17 3.18 3.19 3.2  3.21 3.22 3.23 3.24 3.25 3.26
 3.27 3.28 3.29 3.3  3.31 3.32 3.33 3.34 3.35 3.36 3.37 3.38 3.39 3.4
 3.41 3.42 3.43 3.44 3.45 3.46 3.47 3.48 3.49 3.5  3.51 3.52 3.53 3.54
 3.55 3.56 3.57 3.58 3.59 3.6  3.65 3.7  3.75 3.8  3.85 3.9  3.95 4.
 4.05 4.1  4.15 4.2 ]",
Water_Ice,H2O,1060micron_110K,Not given,"[0.45 0.5  0.55 0.6  0.65 0.7  0.75 0.8  0.85 0.9  0.95 1.   1.01 1.02
 1.03 1.04 1.05 1.06 1.07 1.08 1.09 1.1  1.11 1.12 1.13 1.14 1.15 1.16
 1.17 1.18 1.19 1.2  1.21 1.22 1.23 1.24 1.25 1.26 1.27 1.28 1.29 1.3
 1.31 1.32 1.33 1.34 1.35 1.36 1.37 1.38 1.39 1.4  1.41 1.42 1.43 1.44
 1.45 1.46 1.47 1.48 1.49 1.5  1.51 1.52 1.53 1.54 1.55 1.56 1.57 1.58
 1.59 1.6  1.61 1.62 1.63 1.64 1.65 1.66 1.67 1.68 1.69 1.7  1.71 1.72
 1.73 1.74 1.75 1.76 1.77 1.78 1.79 1.8  1.81 1.82 1.83 1.84 1.85 1.86
 1.87 1.88 1.89 1.9  1.91 1.92 1.93 1.94 1.95 1.96 1.97 1.98 1.99 2.
 2.01 2.02 2.03 2.04 2.05 2.06 2.07 2.08 2.09 2.1  2.11 2.12 2.13 2.14
 2.15 2.16 2.17 2.18 2.19 2.2  2.21 2.22 2.23 2.24 2.25 2.26 2.27 2.28
 2.29 2.3  2.31 2.32 2.33 2.34 2.35 2.36 2.37 2.38 2.39 2.4  2.41 2.42
 2.43 2.44 2.45 2.46 2.47 2.48 2.49 2.5  2.51 2.52 2.53 2.54 2.55 2.56
 2.57 2.58 2.59 2.6  2.61 2.62 2.63 2.64 2.65 2.66 2.67 2.68 2.69 2.7
 2.71 2.72 2.73 2.74 2.75 2.76 2.77 2.78 2.79 2.8  2.81 2.82 2.83 2.84
 2.85 2.86 2.87 2.88 2.89 2.9  2.91 2.92 2.93 2.94 2.95 2.96 2.97 2.98
 2.99 3.   3.01 3.02 3.03 3.04 3.05 3.06 3.07 3.08 3.09 3.1  3.11 3.12
 3.13 3.14 3.15 3.16 3.17 3.18 3.19 3.2  3.21 3.22 3.23 3.24 3.25 3.26
 3.27 3.28 3.29 3.3  3.31 3.32 3.33 3.34 3.35 3.36 3.37 3.38 3.39 3.4
 3.41 3.42 3.43 3.44 3.45 3.46 3.47 3.48 3.49 3.5  3.51 3.52 3.53 3.54
 3.55 3.56 3.57 3.58 3.59 3.6  3.65 3.7  3.75 3.8  3.85 3.9  3.95 4.
 4.05 4.1  4.15 4.2 ]",
Water_Ice,H2O,300micron_irr_130K,Not given,"[0.45 0.5  0.55 0.6  0.65 0.7  0.75 0.8  0.85 0.9  0.95 1.   1.01 1.02
 1.03 1.04 1.05 1.06 1.07 1.08 1.09 1.1  1.11 1.12 1.13 1.14 1.15 1.16
 1.17 1.18 1.19 1.2  1.21 1.22 1.23 1.24 1.25 1.26 1.27 1.28 1.29 1.3
 1.31 1.32 1.33 1.34 1.35 1.36 1.37 1.38 1.39 1.4  1.41 1.42 1.43 1.44
 1.45 1.46 1.47 1.48 1.49 1.5  1.51 1.52 1.53 1.54 1.55 1.56 1.57 1.58
 1.59 1.6  1.61 1.62 1.63 1.64 1.65 1.66 1.67 1.68 1.69 1.7  1.71 1.72
 1.73 1.74 1.75 1.76 1.77 1.78 1.79 1.8  1.81 1.82 1.83 1.84 1.85 1.86
 1.87 1.88 1.89 1.9  1.91 1.92 1.93 1.94 1.95 1.96 1.97 1.98 1.99 2.
 2.01 2.02 2.03 2.04 2.05 2.06 2.07 2.08 2.09 2.1  2.11 2.12 2.13 2.14
 2.15 2.16 2.17 2.18 2.19 2.2  2.21 2.22 2.23 2.24 2.25 2.26 2.27 2.28
 2.29 2.3  2.31 2.32 2.33 2.34 2.35 2.36 2.37 2.38 2.39 2.4  2.41 2.42
 2.43 2.44 2.45 2.46 2.47 2.48 2.49 2.5  2.51 2.52 2.53 2.54 2.55 2.56
 2.57 2.58 2.59 2.6  2.61 2.62 2.63 2.64 2.65 2.66 2.67 2.68 2.69 2.7
 2.71 2.72 2.73 2.74 2.75 2.76 2.77 2.78 2.79 2.8  2.81 2.82 2.83 2.84
 2.85 2.86 2.87 2.88 2.89 2.9  2.91 2.92 2.93 2.94 2.95 2.96 2.97 2.98
 2.99 3.   3.01 3.02 3.03 3.04 3.05 3.06 3.07 3.08 3.09 3.1  3.11 3.12
 3.13 3.14 3.15 3.16 3.17 3.18 3.19 3.2  3.21 3.22 3.23 3.24 3.25 3.26
 3.27 3.28 3.29 3.3  3.31 3.32 3.33 3.34 3.35 3.36 3.37 3.38 3.39 3.4
 3.41 3.42 3.43 3.44 3.45 3.46 3.47 3.48 3.49 3.5  3.51 3.52 3.53 3.54
 3.55 3.56 3.57 3.58 3.59 3.6  3.65 3.7  3.75 3.8  3.85 3.9  3.95 4.
 4.05 4.1  4.15 4.2 ]",
Water_Ice,H2O,mix_27pc70micron_73pc1060micron,Not given,"[0.45 0.5  0.55 0.6  0.65 0.7  0.75 0.8  0.85 0.9  0.95 1.   1.01 1.02
 1.03 1.04 1.05 1.06 1.07 1.08 1.09 1.1  1.11 1.12 1.13 1.14 1.15 1.16
 1.17 1.18 1.19 1.2  1.21 1.22 1.23 1.24 1.25 1.26 1.27 1.28 1.29 1.3
 1.31 1.32 1.33 1.34 1.35 1.36 1.37 1.38 1.39 1.4  1.41 1.42 1.43 1.44
 1.45 1.46 1.47 1.48 1.49 1.5  1.51 1.52 1.53 1.54 1.55 1.56 1.57 1.58
 1.59 1.6  1.61 1.62 1.63 1.64 1.65 1.66 1.67 1.68 1.69 1.7  1.71 1.72
 1.73 1.74 1.75 1.76 1.77 1.78 1.79 1.8  1.81 1.82 1.83 1.84 1.85 1.86
 1.87 1.88 1.89 1.9  1.91 1.92 1.93 1.94 1.95 1.96 1.97 1.98 1.99 2.
 2.01 2.02 2.03 2.04 2.05 2.06 2.07 2.08 2.09 2.1  2.11 2.12 2.13 2.14
 2.15 2.16 2.17 2.18 2.19 2.2  2.21 2.22 2.23 2.24 2.25 2.26 2.27 2.28
 2.29 2.3  2.31 2.32 2.33 2.34 2.35 2.36 2.37 2.38 2.39 2.4  2.41 2.42
 2.43 2.44 2.45 2.46 2.47 2.48 2.49 2.5  2.51 2.52 2.53 2.54 2.55 2.56
 2.57 2.58 2.59 2.6  2.61 2.62 2.63 2.64 2.65 2.66 2.67 2.68 2.69 2.7
 2.71 2.72 2.73 2.74 2.75 2.76 2.77 2.78 2.79 2.8  2.81 2.82 2.83 2.84
 2.85 2.86 2.87 2.88 2.89 2.9  2.91 2.92 2.93 2.94 2.95 2.96 2.97 2.98
 2.99 3.   3.01 3.02 3.03 3.04 3.05 3.06 3.07 3.08 3.09 3.1  3.11 3.12
 3.13 3.14 3.15 3.16 3.17 3.18 3.19 3.2  3.21 3.22 3.23 3.24 3.25 3.26
 3.27 3.28 3.29 3.3  3.31 3.32 3.33 3.34 3.35 3.36 3.37 3.38 3.39 3.4
 3.41 3.42 3.43 3.44 3.45 3.46 3.47 3.48 3.49 3.5  3.51 3.52 3.53 3.54
 3.55 3.56 3.57 3.58 3.59 3.6  3.65 3.7  3.75 3.8  3.85 3.9  3.95 4.
 4.05 4.1  4.15 4.2 ]",
Water_Ice,H2O,300micron_sph_100K,Not given,"[0.45 0.5  0.55 0.6  0.65 0.7  0.75 0.8  0.85 0.9  0.95 1.   1.01 1.02
 1.03 1.04 1.05 1.06 1.07 1.08 1.09 1.1  1.11 1.12 1.13 1.14 1.15 1.16
 1.17 1.18 1.19 1.2  1.21 1.22 1.23 1.24 1.25 1.26 1.27 1.28 1.29 1.3
 1.31 1.32 1.33 1.34 1.35 1.36 1.37 1.38 1.39 1.4  1.41 1.42 1.43 1.44
 1.45 1.46 1.47 1.48 1.49 1.5  1.51 1.52 1.53 1.54 1.55 1.56 1.57 1.58
 1.59 1.6  1.61 1.62 1.63 1.64 1.65 1.66 1.67 1.68 1.69 1.7  1.71 1.72
 1.73 1.74 1.75 1.76 1.77 1.78 1.79 1.8  1.81 1.82 1.83 1.84 1.85 1.86
 1.87 1.88 1.89 1.9  1.91 1.92 1.93 1.94 1.95 1.96 1.97 1.98 1.99 2.
 2.01 2.02 2.03 2.04 2.05 2.06 2.07 2.08 2.09 2.1  2.11 2.12 2.13 2.14
 2.15 2.16 2.17 2.18 2.19 2.2  2.21 2.22 2.23 2.24 2.25 2.26 2.27 2.28
 2.29 2.3  2.31 2.32 2.33 2.34 2.35 2.36 2.37 2.38 2.39 2.4  2.41 2.42
 2.43 2.44 2.45 2.46 2.47 2.48 2.49 2.5  2.51 2.52 2.53 2.54 2.55 2.56
 2.57 2.58 2.59 2.6  2.61 2.62 2.63 2.64 2.65 2.66 2.67 2.68 2.69 2.7
 2.71 2.72 2.73 2.74 2.75 2.76 2.77 2.78 2.79 2.8  2.81 2.82 2.83 2.84
 2.85 2.86 2.87 2.88 2.89 2.9  2.91 2.92 2.93 2.94 2.95 2.96 2.97 2.98
 2.99 3.   3.01 3.02 3.03 3.04 3.05 3.06 3.07 3.08 3.09 3.1  3.11 3.12
 3.13 3.14 3.15 3.16 3.17 3.18 3.19 3.2  3.21 3.22 3.23 3.24 3.25 3.26
 3.27 3.28 3.29 3.3  3.31 3.32 3.33 3.34 3.35 3.36 3.37 3.38 3.39 3.4
 3.41 3.42 3.43 3.44 3.45 3.46 3.47 3.48 3.49 3.5  3.51 3.52 3.53 3.54
 3.55 3.56 3.57 3.58 3.59 3.6  3.65 3.7  3.75 3.8  3.85 3.9  3.95 4.
 4.05 4.1  4.15 4.2 ]",
Water_Ice,H2O,1060micron_85K,Not given,"[0.45 0.5  0.55 0.6  0.65 0.7  0.75 0.8  0.85 0.9  0.95 1.   1.01 1.02
 1.03 1.04 1.05 1.06 1.07 1.08 1.09 1.1  1.11 1.12 1.13 1.14 1.15 1.16
 1.17 1.18 1.19 1.2  1.21 1.22 1.23 1.24 1.25 1.26 1.27 1.28 1.29 1.3
 1.31 1.32 1.33 1.34 1.35 1.36 1.37 1.38 1.39 1.4  1.41 1.42 1.43 1.44
 1.45 1.46 1.47 1.48 1.49 1.5  1.51 1.52 1.53 1.54 1.55 1.56 1.57 1.58
 1.59 1.6  1.61 1.62 1.63 1.64 1.65 1.66 1.67 1.68 1.69 1.7  1.71 1.72
 1.73 1.74 1.75 1.76 1.77 1.78 1.79 1.8  1.81 1.82 1.83 1.84 1.85 1.86
 1.87 1.88 1.89 1.9  1.91 1.92 1.93 1.94 1.95 1.96 1.97 1.98 1.99 2.
 2.01 2.02 2.03 2.04 2.05 2.06 2.07 2.08 2.09 2.1  2.11 2.12 2.13 2.14
 2.15 2.16 2.17 2.18 2.19 2.2  2.21 2.22 2.23 2.24 2.25 2.26 2.27 2.28
 2.29 2.3  2.31 2.32 2.33 2.34 2.35 2.36 2.37 2.38 2.39 2.4  2.41 2.42
 2.43 2.44 2.45 2.46 2.47 2.48 2.49 2.5  2.51 2.52 2.53 2.54 2.55 2.56
 2.57 2.58 2.59 2.6  2.61 2.62 2.63 2.64 2.65 2.66 2.67 2.68 2.69 2.7
 2.71 2.72 2.73 2.74 2.75 2.76 2.77 2.78 2.79 2.8  2.81 2.82 2.83 2.84
 2.85 2.86 2.87 2.88 2.89 2.9  2.91 2.92 2.93 2.94 2.95 2.96 2.97 2.98
 2.99 3.   3.01 3.02 3.03 3.04 3.05 3.06 3.07 3.08 3.09 3.1  3.11 3.12
 3.13 3.14 3.15 3.16 3.17 3.18 3.19 3.2  3.21 3.22 3.23 3.24 3.25 3.26
 3.27 3.28 3.29 3.3  3.31 3.32 3.33 3.34 3.35 3.36 3.37 3.38 3.39 3.4
 3.41 3.42 3.43 3.44 3.45 3.46 3.47 3.48 3.49 3.5  3.51 3.52 3.53 3.54
 3.55 3.56 3.57 3.58 3.59 3.6  3.65 3.7  3.75 3.8  3.85 3.9  3.95 4.
 4.05 4.1  4.15 4.2 ]",
Water_Ice,H2O,300micron_irr_140K,Not given,"[0.45 0.5  0.55 0.6  0.65 0.7  0.75 0.8  0.85 0.9  0.95 1.   1.01 1.02
 1.03 1.04 1.05 1.06 1.07 1.08 1.09 1.1  1.11 1.12 1.13 1.14 1.15 1.16
 1.17 1.18 1.19 1.2  1.21 1.22 1.23 1.24 1.25 1.26 1.27 1.28 1.29 1.3
 1.31 1.32 1.33 1.34 1.35 1.36 1.37 1.38 1.39 1.4  1.41 1.42 1.43 1.44
 1.45 1.46 1.47 1.48 1.49 1.5  1.51 1.52 1.53 1.54 1.55 1.56 1.57 1.58
 1.59 1.6  1.61 1.62 1.63 1.64 1.65 1.66 1.67 1.68 1.69 1.7  1.71 1.72
 1.73 1.74 1.75 1.76 1.77 1.78 1.79 1.8  1.81 1.82 1.83 1.84 1.85 1.86
 1.87 1.88 1.89 1.9  1.91 1.92 1.93 1.94 1.95 1.96 1.97 1.98 1.99 2.
 2.01 2.02 2.03 2.04 2.05 2.06 2.07 2.08 2.09 2.1  2.11 2.12 2.13 2.14
 2.15 2.16 2.17 2.18 2.19 2.2  2.21 2.22 2.23 2.24 2.25 2.26 2.27 2.28
 2.29 2.3  2.31 2.32 2.33 2.34 2.35 2.36 2.37 2.38 2.39 2.4  2.41 2.42
 2.43 2.44 2.45 2.46 2.47 2.48 2.49 2.5  2.51 2.52 2.53 2.54 2.55 2.56
 2.57 2.58 2.59 2.6  2.61 2.62 2.63 2.64 2.65 2.66 2.67 2.68 2.69 2.7
 2.71 2.72 2.73 2.74 2.75 2.76 2.77 2.78 2.79 2.8  2.81 2.82 2.83 2.84
 2.85 2.86 2.87 2.88 2.89 2.9  2.91 2.92 2.93 2.94 2.95 2.96 2.97 2.98
 2.99 3.   3.01 3.02 3.03 3.04 3.05 3.06 3.07 3.08 3.09 3.1  3.11 3.12
 3.13 3.14 3.15 3.16 3.17 3.18 3.19 3.2  3.21 3.22 3.23 3.24 3.25 3.26
 3.27 3.28 3.29 3.3  3.31 3.32 3.33 3.34 3.35 3.36 3.37 3.38 3.39 3.4
 3.41 3.42 3.43 3.44 3.45 3.46 3.47 3.48 3.49 3.5  3.51 3.52 3.53 3.54
 3.55 3.56 3.57 3.58 3.59 3.6  3.65 3.7  3.75 3.8  3.85 3.9  3.95 4.
 4.05 4.1  4.15 4.2 ]",
Water_Ice,H2O,680micron_150K,Not given,"[0.45 0.5  0.55 0.6  0.65 0.7  0.75 0.8  0.85 0.9  0.95 1.   1.01 1.02
 1.03 1.04 1.05 1.06 1.07 1.08 1.09 1.1  1.11 1.12 1.13 1.14 1.15 1.16
 1.17 1.18 1.19 1.2  1.21 1.22 1.23 1.24 1.25 1.26 1.27 1.28 1.29 1.3
 1.31 1.32 1.33 1.34 1.35 1.36 1.37 1.38 1.39 1.4  1.41 1.42 1.43 1.44
 1.45 1.46 1.47 1.48 1.49 1.5  1.51 1.52 1.53 1.54 1.55 1.56 1.57 1.58
 1.59 1.6  1.61 1.62 1.63 1.64 1.65 1.66 1.67 1.68 1.69 1.7  1.71 1.72
 1.73 1.74 1.75 1.76 1.77 1.78 1.79 1.8  1.81 1.82 1.83 1.84 1.85 1.86
 1.87 1.88 1.89 1.9  1.91 1.92 1.93 1.94 1.95 1.96 1.97 1.98 1.99 2.
 2.01 2.02 2.03 2.04 2.05 2.06 2.07 2.08 2.09 2.1  2.11 2.12 2.13 2.14
 2.15 2.16 2.17 2.18 2.19 2.2  2.21 2.22 2.23 2.24 2.25 2.26 2.27 2.28
 2.29 2.3  2.31 2.32 2.33 2.34 2.35 2.36 2.37 2.38 2.39 2.4  2.41 2.42
 2.43 2.44 2.45 2.46 2.47 2.48 2.49 2.5  2.51 2.52 2.53 2.54 2.55 2.56
 2.57 2.58 2.59 2.6  2.61 2.62 2.63 2.64 2.65 2.66 2.67 2.68 2.69 2.7
 2.71 2.72 2.73 2.74 2.75 2.76 2.77 2.78 2.79 2.8  2.81 2.82 2.83 2.84
 2.85 2.86 2.87 2.88 2.89 2.9  2.91 2.92 2.93 2.94 2.95 2.96 2.97 2.98
 2.99 3.   3.01 3.02 3.03 3.04 3.05 3.06 3.07 3.08 3.09 3.1  3.11 3.12
 3.13 3.14 3.15 3.16 3.17 3.18 3.19 3.2  3.21 3.22 3.23 3.24 3.25 3.26
 3.27 3.28 3.29 3.3  3.31 3.32 3.33 3.34 3.35 3.36 3.37 3.38 3.39 3.4
 3.41 3.42 3.43 3.44 3.45 3.46 3.47 3.48 3.49 3.5  3.51 3.52 3.53 3.54
 3.55 3.56 3.57 3.58 3.59 3.6  3.65 3.7  3.75 3.8  3.85 3.9  3.95 4.
 4.05 4.1  4.15 4.2 ]",
Water_Ice,H2O,1360micron_120K,Not given,"[0.45 0.5  0.55 0.6  0.65 0.7  0.75 0.8  0.85 0.9  0.95 1.   1.01 1.02
 1.03 1.04 1.05 1.06 1.07 1.08 1.09 1.1  1.11 1.12 1.13 1.14 1.15 1.16
 1.17 1.18 1.19 1.2  1.21 1.22 1.23 1.24 1.25 1.26 1.27 1.28 1.29 1.3
 1.31 1.32 1.33 1.34 1.35 1.36 1.37 1.38 1.39 1.4  1.41 1.42 1.43 1.44
 1.45 1.46 1.47 1.48 1.49 1.5  1.51 1.52 1.53 1.54 1.55 1.56 1.57 1.58
 1.59 1.6  1.61 1.62 1.63 1.64 1.65 1.66 1.67 1.68 1.69 1.7  1.71 1.72
 1.73 1.74 1.75 1.76 1.77 1.78 1.79 1.8  1.81 1.82 1.83 1.84 1.85 1.86
 1.87 1.88 1.89 1.9  1.91 1.92 1.93 1.94 1.95 1.96 1.97 1.98 1.99 2.
 2.01 2.02 2.03 2.04 2.05 2.06 2.07 2.08 2.09 2.1  2.11 2.12 2.13 2.14
 2.15 2.16 2.17 2.18 2.19 2.2  2.21 2.22 2.23 2.24 2.25 2.26 2.27 2.28
 2.29 2.3  2.31 2.32 2.33 2.34 2.35 2.36 2.37 2.38 2.39 2.4  2.41 2.42
 2.43 2.44 2.45 2.46 2.47 2.48 2.49 2.5  2.51 2.52 2.53 2.54 2.55 2.56
 2.57 2.58 2.59 2.6  2.61 2.62 2.63 2.64 2.65 2.66 2.67 2.68 2.69 2.7
 2.71 2.72 2.73 2.74 2.75 2.76 2.77 2.78 2.79 2.8  2.81 2.82 2.83 2.84
 2.85 2.86 2.87 2.88 2.89 2.9  2.91 2.92 2.93 2.94 2.95 2.96 2.97 2.98
 2.99 3.   3.01 3.02 3.03 3.04 3.05 3.06 3.07 3.08 3.09 3.1  3.11 3.12
 3.13 3.14 3.15 3.16 3.17 3.18 3.19 3.2  3.21 3.22 3.23 3.24 3.25 3.26
 3.27 3.28 3.29 3.3  3.31 3.32 3.33 3.34 3.35 3.36 3.37 3.38 3.39 3.4
 3.41 3.42 3.43 3.44 3.45 3.46 3.47 3.48 3.49 3.5  3.51 3.52 3.53 3.54
 3.55 3.56 3.57 3.58 3.59 3.6  3.65 3.7  3.75 3.8  3.85 3.9  3.95 4.
 4.05 4.1  4.15 4.2 ]",
Water_Ice,H2O,70micron_130K,Not given,"[0.45 0.5  0.55 0.6  0.65 0.7  0.75 0.8  0.85 0.9  0.95 1.   1.01 1.02
 1.03 1.04 1.05 1.06 1.07 1.08 1.09 1.1  1.11 1.12 1.13 1.14 1.15 1.16
 1.17 1.18 1.19 1.2  1.21 1.22 1.23 1.24 1.25 1.26 1.27 1.28 1.29 1.3
 1.31 1.32 1.33 1.34 1.35 1.36 1.37 1.38 1.39 1.4  1.41 1.42 1.43 1.44
 1.45 1.46 1.47 1.48 1.49 1.5  1.51 1.52 1.53 1.54 1.55 1.56 1.57 1.58
 1.59 1.6  1.61 1.62 1.63 1.64 1.65 1.66 1.67 1.68 1.69 1.7  1.71 1.72
 1.73 1.74 1.75 1.76 1.77 1.78 1.79 1.8  1.81 1.82 1.83 1.84 1.85 1.86
 1.87 1.88 1.89 1.9  1.91 1.92 1.93 1.94 1.95 1.96 1.97 1.98 1.99 2.
 2.01 2.02 2.03 2.04 2.05 2.06 2.07 2.08 2.09 2.1  2.11 2.12 2.13 2.14
 2.15 2.16 2.17 2.18 2.19 2.2  2.21 2.22 2.23 2.24 2.25 2.26 2.27 2.28
 2.29 2.3  2.31 2.32 2.33 2.34 2.35 2.36 2.37 2.38 2.39 2.4  2.41 2.42
 2.43 2.44 2.45 2.46 2.47 2.48 2.49 2.5  2.51 2.52 2.53 2.54 2.55 2.56
 2.57 2.58 2.59 2.6  2.61 2.62 2.63 2.64 2.65 2.66 2.67 2.68 2.69 2.7
 2.71 2.72 2.73 2.74 2.75 2.76 2.77 2.78 2.79 2.8  2.81 2.82 2.83 2.84
 2.85 2.86 2.87 2.88 2.89 2.9  2.91 2.92 2.93 2.94 2.95 2.96 2.97 2.98
 2.99 3.   3.01 3.02 3.03 3.04 3.05 3.06 3.07 3.08 3.09 3.1  3.11 3.12
 3.13 3.14 3.15 3.16 3.17 3.18 3.19 3.2  3.21 3.22 3.23 3.24 3.25 3.26
 3.27 3.28 3.29 3.3  3.31 3.32 3.33 3.34 3.35 3.36 3.37 3.38 3.39 3.4
 3.41 3.42 3.43 3.44 3.45 3.46 3.47 3.48 3.49 3.5  3.51 3.52 3.53 3.54
 3.55 3.56 3.57 3.58 3.59 3.6  3.65 3.7  3.75 3.8  3.85 3.9  3.95 4.
 4.05 4.1  4.15 4.2 ]",
Water_Ice,H2O,680micron_100K,Not given,"[0.45 0.5  0.55 0.6  0.65 0.7  0.75 0.8  0.85 0.9  0.95 1.   1.01 1.02
 1.03 1.04 1.05 1.06 1.07 1.08 1.09 1.1  1.11 1.12 1.13 1.14 1.15 1.16
 1.17 1.18 1.19 1.2  1.21 1.22 1.23 1.24 1.25 1.26 1.27 1.28 1.29 1.3
 1.31 1.32 1.33 1.34 1.35 1.36 1.37 1.38 1.39 1.4  1.41 1.42 1.43 1.44
 1.45 1.46 1.47 1.48 1.49 1.5  1.51 1.52 1.53 1.54 1.55 1.56 1.57 1.58
 1.59 1.6  1.61 1.62 1.63 1.64 1.65 1.66 1.67 1.68 1.69 1.7  1.71 1.72
 1.73 1.74 1.75 1.76 1.77 1.78 1.79 1.8  1.81 1.82 1.83 1.84 1.85 1.86
 1.87 1.88 1.89 1.9  1.91 1.92 1.93 1.94 1.95 1.96 1.97 1.98 1.99 2.
 2.01 2.02 2.03 2.04 2.05 2.06 2.07 2.08 2.09 2.1  2.11 2.12 2.13 2.14
 2.15 2.16 2.17 2.18 2.19 2.2  2.21 2.22 2.23 2.24 2.25 2.26 2.27 2.28
 2.29 2.3  2.31 2.32 2.33 2.34 2.35 2.36 2.37 2.38 2.39 2.4  2.41 2.42
 2.43 2.44 2.45 2.46 2.47 2.48 2.49 2.5  2.51 2.52 2.53 2.54 2.55 2.56
 2.57 2.58 2.59 2.6  2.61 2.62 2.63 2.64 2.65 2.66 2.67 2.68 2.69 2.7
 2.71 2.72 2.73 2.74 2.75 2.76 2.77 2.78 2.79 2.8  2.81 2.82 2.83 2.84
 2.85 2.86 2.87 2.88 2.89 2.9  2.91 2.92 2.93 2.94 2.95 2.96 2.97 2.98
 2.99 3.   3.01 3.02 3.03 3.04 3.05 3.06 3.07 3.08 3.09 3.1  3.11 3.12
 3.13 3.14 3.15 3.16 3.17 3.18 3.19 3.2  3.21 3.22 3.23 3.24 3.25 3.26
 3.27 3.28 3.29 3.3  3.31 3.32 3.33 3.34 3.35 3.36 3.37 3.38 3.39 3.4
 3.41 3.42 3.43 3.44 3.45 3.46 3.47 3.48 3.49 3.5  3.51 3.52 3.53 3.54
 3.55 3.56 3.57 3.58 3.59 3.6  3.65 3.7  3.75 3.8  3.85 3.9  3.95 4.
 4.05 4.1  4.15 4.2 ]",
Water_Ice,H2O,300micron_sph_120K,Not given,"[0.45 0.5  0.55 0.6  0.65 0.7  0.75 0.8  0.85 0.9  0.95 1.   1.01 1.02
 1.03 1.04 1.05 1.06 1.07 1.08 1.09 1.1  1.11 1.12 1.13 1.14 1.15 1.16
 1.17 1.18 1.19 1.2  1.21 1.22 1.23 1.24 1.25 1.26 1.27 1.28 1.29 1.3
 1.31 1.32 1.33 1.34 1.35 1.36 1.37 1.38 1.39 1.4  1.41 1.42 1.43 1.44
 1.45 1.46 1.47 1.48 1.49 1.5  1.51 1.52 1.53 1.54 1.55 1.56 1.57 1.58
 1.59 1.6  1.61 1.62 1.63 1.64 1.65 1.66 1.67 1.68 1.69 1.7  1.71 1.72
 1.73 1.74 1.75 1.76 1.77 1.78 1.79 1.8  1.81 1.82 1.83 1.84 1.85 1.86
 1.87 1.88 1.89 1.9  1.91 1.92 1.93 1.94 1.95 1.96 1.97 1.98 1.99 2.
 2.01 2.02 2.03 2.04 2.05 2.06 2.07 2.08 2.09 2.1  2.11 2.12 2.13 2.14
 2.15 2.16 2.17 2.18 2.19 2.2  2.21 2.22 2.23 2.24 2.25 2.26 2.27 2.28
 2.29 2.3  2.31 2.32 2.33 2.34 2.35 2.36 2.37 2.38 2.39 2.4  2.41 2.42
 2.43 2.44 2.45 2.46 2.47 2.48 2.49 2.5  2.51 2.52 2.53 2.54 2.55 2.56
 2.57 2.58 2.59 2.6  2.61 2.62 2.63 2.64 2.65 2.66 2.67 2.68 2.69 2.7
 2.71 2.72 2.73 2.74 2.75 2.76 2.77 2.78 2.79 2.8  2.81 2.82 2.83 2.84
 2.85 2.86 2.87 2.88 2.89 2.9  2.91 2.92 2.93 2.94 2.95 2.96 2.97 2.98
 2.99 3.   3.01 3.02 3.03 3.04 3.05 3.06 3.07 3.08 3.09 3.1  3.11 3.12
 3.13 3.14 3.15 3.16 3.17 3.18 3.19 3.2  3.21 3.22 3.23 3.24 3.25 3.26
 3.27 3.28 3.29 3.3  3.31 3.32 3.33 3.34 3.35 3.36 3.37 3.38 3.39 3.4
 3.41 3.42 3.43 3.44 3.45 3.46 3.47 3.48 3.49 3.5  3.51 3.52 3.53 3.54
 3.55 3.56 3.57 3.58 3.59 3.6  3.65 3.7  3.75 3.8  3.85 3.9  3.95 4.
 4.05 4.1  4.15 4.2 ]",
Water_Ice,H2O,300micron_irr_110K,Not given,"[0.45 0.5  0.55 0.6  0.65 0.7  0.75 0.8  0.85 0.9  0.95 1.   1.01 1.02
 1.03 1.04 1.05 1.06 1.07 1.08 1.09 1.1  1.11 1.12 1.13 1.14 1.15 1.16
 1.17 1.18 1.19 1.2  1.21 1.22 1.23 1.24 1.25 1.26 1.27 1.28 1.29 1.3
 1.31 1.32 1.33 1.34 1.35 1.36 1.37 1.38 1.39 1.4  1.41 1.42 1.43 1.44
 1.45 1.46 1.47 1.48 1.49 1.5  1.51 1.52 1.53 1.54 1.55 1.56 1.57 1.58
 1.59 1.6  1.61 1.62 1.63 1.64 1.65 1.66 1.67 1.68 1.69 1.7  1.71 1.72
 1.73 1.74 1.75 1.76 1.77 1.78 1.79 1.8  1.81 1.82 1.83 1.84 1.85 1.86
 1.87 1.88 1.89 1.9  1.91 1.92 1.93 1.94 1.95 1.96 1.97 1.98 1.99 2.
 2.01 2.02 2.03 2.04 2.05 2.06 2.07 2.08 2.09 2.1  2.11 2.12 2.13 2.14
 2.15 2.16 2.17 2.18 2.19 2.2  2.21 2.22 2.23 2.24 2.25 2.26 2.27 2.28
 2.29 2.3  2.31 2.32 2.33 2.34 2.35 2.36 2.37 2.38 2.39 2.4  2.41 2.42
 2.43 2.44 2.45 2.46 2.47 2.48 2.49 2.5  2.51 2.52 2.53 2.54 2.55 2.56
 2.57 2.58 2.59 2.6  2.61 2.62 2.63 2.64 2.65 2.66 2.67 2.68 2.69 2.7
 2.71 2.72 2.73 2.74 2.75 2.76 2.77 2.78 2.79 2.8  2.81 2.82 2.83 2.84
 2.85 2.86 2.87 2.88 2.89 2.9  2.91 2.92 2.93 2.94 2.95 2.96 2.97 2.98
 2.99 3.   3.01 3.02 3.03 3.04 3.05 3.06 3.07 3.08 3.09 3.1  3.11 3.12
 3.13 3.14 3.15 3.16 3.17 3.18 3.19 3.2  3.21 3.22 3.23 3.24 3.25 3.26
 3.27 3.28 3.29 3.3  3.31 3.32 3.33 3.34 3.35 3.36 3.37 3.38 3.39 3.4
 3.41 3.42 3.43 3.44 3.45 3.46 3.47 3.48 3.49 3.5  3.51 3.52 3.53 3.54
 3.55 3.56 3.57 3.58 3.59 3.6  3.65 3.7  3.75 3.8  3.85 3.9  3.95 4.
 4.05 4.1  4.15 4.2 ]",
Water_Ice,H2O,1060micron_130K,Not given,"[0.45 0.5  0.55 0.6  0.65 0.7  0.75 0.8  0.85 0.9  0.95 1.   1.01 1.02
 1.03 1.04 1.05 1.06 1.07 1.08 1.09 1.1  1.11 1.12 1.13 1.14 1.15 1.16
 1.17 1.18 1.19 1.2  1.21 1.22 1.23 1.24 1.25 1.26 1.27 1.28 1.29 1.3
 1.31 1.32 1.33 1.34 1.35 1.36 1.37 1.38 1.39 1.4  1.41 1.42 1.43 1.44
 1.45 1.46 1.47 1.48 1.49 1.5  1.51 1.52 1.53 1.54 1.55 1.56 1.57 1.58
 1.59 1.6  1.61 1.62 1.63 1.64 1.65 1.66 1.67 1.68 1.69 1.7  1.71 1.72
 1.73 1.74 1.75 1.76 1.77 1.78 1.79 1.8  1.81 1.82 1.83 1.84 1.85 1.86
 1.87 1.88 1.89 1.9  1.91 1.92 1.93 1.94 1.95 1.96 1.97 1.98 1.99 2.
 2.01 2.02 2.03 2.04 2.05 2.06 2.07 2.08 2.09 2.1  2.11 2.12 2.13 2.14
 2.15 2.16 2.17 2.18 2.19 2.2  2.21 2.22 2.23 2.24 2.25 2.26 2.27 2.28
 2.29 2.3  2.31 2.32 2.33 2.34 2.35 2.36 2.37 2.38 2.39 2.4  2.41 2.42
 2.43 2.44 2.45 2.46 2.47 2.48 2.49 2.5  2.51 2.52 2.53 2.54 2.55 2.56
 2.57 2.58 2.59 2.6  2.61 2.62 2.63 2.64 2.65 2.66 2.67 2.68 2.69 2.7
 2.71 2.72 2.73 2.74 2.75 2.76 2.77 2.78 2.79 2.8  2.81 2.82 2.83 2.84
 2.85 2.86 2.87 2.88 2.89 2.9  2.91 2.92 2.93 2.94 2.95 2.96 2.97 2.98
 2.99 3.   3.01 3.02 3.03 3.04 3.05 3.06 3.07 3.08 3.09 3.1  3.11 3.12
 3.13 3.14 3.15 3.16 3.17 3.18 3.19 3.2  3.21 3.22 3.23 3.24 3.25 3.26
 3.27 3.28 3.29 3.3  3.31 3.32 3.33 3.34 3.35 3.36 3.37 3.38 3.39 3.4
 3.41 3.42 3.43 3.44 3.45 3.46 3.47 3.48 3.49 3.5  3.51 3.52 3.53 3.54
 3.55 3.56 3.57 3.58 3.59 3.6  3.65 3.7  3.75 3.8  3.85 3.9  3.95 4.
 4.05 4.1  4.15 4.2 ]",
Water_Ice,H2O,1360micron_70K,Not given,"[0.45 0.5  0.55 0.6  0.65 0.7  0.75 0.8  0.85 0.9  0.95 1.   1.01 1.02
 1.03 1.04 1.05 1.06 1.07 1.08 1.09 1.1  1.11 1.12 1.13 1.14 1.15 1.16
 1.17 1.18 1.19 1.2  1.21 1.22 1.23 1.24 1.25 1.26 1.27 1.28 1.29 1.3
 1.31 1.32 1.33 1.34 1.35 1.36 1.37 1.38 1.39 1.4  1.41 1.42 1.43 1.44
 1.45 1.46 1.47 1.48 1.49 1.5  1.51 1.52 1.53 1.54 1.55 1.56 1.57 1.58
 1.59 1.6  1.61 1.62 1.63 1.64 1.65 1.66 1.67 1.68 1.69 1.7  1.71 1.72
 1.73 1.74 1.75 1.76 1.77 1.78 1.79 1.8  1.81 1.82 1.83 1.84 1.85 1.86
 1.87 1.88 1.89 1.9  1.91 1.92 1.93 1.94 1.95 1.96 1.97 1.98 1.99 2.
 2.01 2.02 2.03 2.04 2.05 2.06 2.07 2.08 2.09 2.1  2.11 2.12 2.13 2.14
 2.15 2.16 2.17 2.18 2.19 2.2  2.21 2.22 2.23 2.24 2.25 2.26 2.27 2.28
 2.29 2.3  2.31 2.32 2.33 2.34 2.35 2.36 2.37 2.38 2.39 2.4  2.41 2.42
 2.43 2.44 2.45 2.46 2.47 2.48 2.49 2.5  2.51 2.52 2.53 2.54 2.55 2.56
 2.57 2.58 2.59 2.6  2.61 2.62 2.63 2.64 2.65 2.66 2.67 2.68 2.69 2.7
 2.71 2.72 2.73 2.74 2.75 2.76 2.77 2.78 2.79 2.8  2.81 2.82 2.83 2.84
 2.85 2.86 2.87 2.88 2.89 2.9  2.91 2.92 2.93 2.94 2.95 2.96 2.97 2.98
 2.99 3.   3.01 3.02 3.03 3.04 3.05 3.06 3.07 3.08 3.09 3.1  3.11 3.12
 3.13 3.14 3.15 3.16 3.17 3.18 3.19 3.2  3.21 3.22 3.23 3.24 3.25 3.26
 3.27 3.28 3.29 3.3  3.31 3.32 3.33 3.34 3.35 3.36 3.37 3.38 3.39 3.4
 3.41 3.42 3.43 3.44 3.45 3.46 3.47 3.48 3.49 3.5  3.51 3.52 3.53 3.54
 3.55 3.56 3.57 3.58 3.59 3.6  3.65 3.7  3.75 3.8  3.85 3.9  3.95 4.
 4.05 4.1  4.15 4.2 ]",
Water_Ice,H2O,300micron_irr_90K,Not given,"[0.45 0.5  0.55 0.6  0.65 0.7  0.75 0.8  0.85 0.9  0.95 1.   1.01 1.02
 1.03 1.04 1.05 1.06 1.07 1.08 1.09 1.1  1.11 1.12 1.13 1.14 1.15 1.16
 1.17 1.18 1.19 1.2  1.21 1.22 1.23 1.24 1.25 1.26 1.27 1.28 1.29 1.3
 1.31 1.32 1.33 1.34 1.35 1.36 1.37 1.38 1.39 1.4  1.41 1.42 1.43 1.44
 1.45 1.46 1.47 1.48 1.49 1.5  1.51 1.52 1.53 1.54 1.55 1.56 1.57 1.58
 1.59 1.6  1.61 1.62 1.63 1.64 1.65 1.66 1.67 1.68 1.69 1.7  1.71 1.72
 1.73 1.74 1.75 1.76 1.77 1.78 1.79 1.8  1.81 1.82 1.83 1.84 1.85 1.86
 1.87 1.88 1.89 1.9  1.91 1.92 1.93 1.94 1.95 1.96 1.97 1.98 1.99 2.
 2.01 2.02 2.03 2.04 2.05 2.06 2.07 2.08 2.09 2.1  2.11 2.12 2.13 2.14
 2.15 2.16 2.17 2.18 2.19 2.2  2.21 2.22 2.23 2.24 2.25 2.26 2.27 2.28
 2.29 2.3  2.31 2.32 2.33 2.34 2.35 2.36 2.37 2.38 2.39 2.4  2.41 2.42
 2.43 2.44 2.45 2.46 2.47 2.48 2.49 2.5  2.51 2.52 2.53 2.54 2.55 2.56
 2.57 2.58 2.59 2.6  2.61 2.62 2.63 2.64 2.65 2.66 2.67 2.68 2.69 2.7
 2.71 2.72 2.73 2.74 2.75 2.76 2.77 2.78 2.79 2.8  2.81 2.82 2.83 2.84
 2.85 2.86 2.87 2.88 2.89 2.9  2.91 2.92 2.93 2.94 2.95 2.96 2.97 2.98
 2.99 3.   3.01 3.02 3.03 3.04 3.05 3.06 3.07 3.08 3.09 3.1  3.11 3.12
 3.13 3.14 3.15 3.16 3.17 3.18 3.19 3.2  3.21 3.22 3.23 3.24 3.25 3.26
 3.27 3.28 3.29 3.3  3.31 3.32 3.33 3.34 3.35 3.36 3.37 3.38 3.39 3.4
 3.41 3.42 3.43 3.44 3.45 3.46 3.47 3.48 3.49 3.5  3.51 3.52 3.53 3.54
 3.55 3.56 3.57 3.58 3.59 3.6  3.65 3.7  3.75 3.8  3.85 3.9  3.95 4.
 4.05 4.1  4.15 4.2 ]",
Water_Ice,H2O,300micron_sph_70K,Not given,"[0.45 0.5  0.55 0.6  0.65 0.7  0.75 0.8  0.85 0.9  0.95 1.   1.01 1.02
 1.03 1.04 1.05 1.06 1.07 1.08 1.09 1.1  1.11 1.12 1.13 1.14 1.15 1.16
 1.17 1.18 1.19 1.2  1.21 1.22 1.23 1.24 1.25 1.26 1.27 1.28 1.29 1.3
 1.31 1.32 1.33 1.34 1.35 1.36 1.37 1.38 1.39 1.4  1.41 1.42 1.43 1.44
 1.45 1.46 1.47 1.48 1.49 1.5  1.51 1.52 1.53 1.54 1.55 1.56 1.57 1.58
 1.59 1.6  1.61 1.62 1.63 1.64 1.65 1.66 1.67 1.68 1.69 1.7  1.71 1.72
 1.73 1.74 1.75 1.76 1.77 1.78 1.79 1.8  1.81 1.82 1.83 1.84 1.85 1.86
 1.87 1.88 1.89 1.9  1.91 1.92 1.93 1.94 1.95 1.96 1.97 1.98 1.99 2.
 2.01 2.02 2.03 2.04 2.05 2.06 2.07 2.08 2.09 2.1  2.11 2.12 2.13 2.14
 2.15 2.16 2.17 2.18 2.19 2.2  2.21 2.22 2.23 2.24 2.25 2.26 2.27 2.28
 2.29 2.3  2.31 2.32 2.33 2.34 2.35 2.36 2.37 2.38 2.39 2.4  2.41 2.42
 2.43 2.44 2.45 2.46 2.47 2.48 2.49 2.5  2.51 2.52 2.53 2.54 2.55 2.56
 2.57 2.58 2.59 2.6  2.61 2.62 2.63 2.64 2.65 2.66 2.67 2.68 2.69 2.7
 2.71 2.72 2.73 2.74 2.75 2.76 2.77 2.78 2.79 2.8  2.81 2.82 2.83 2.84
 2.85 2.86 2.87 2.88 2.89 2.9  2.91 2.92 2.93 2.94 2.95 2.96 2.97 2.98
 2.99 3.   3.01 3.02 3.03 3.04 3.05 3.06 3.07 3.08 3.09 3.1  3.11 3.12
 3.13 3.14 3.15 3.16 3.17 3.18 3.19 3.2  3.21 3.22 3.23 3.24 3.25 3.26
 3.27 3.28 3.29 3.3  3.31 3.32 3.33 3.34 3.35 3.36 3.37 3.38 3.39 3.4
 3.41 3.42 3.43 3.44 3.45 3.46 3.47 3.48 3.49 3.5  3.51 3.52 3.53 3.54
 3.55 3.56 3.57 3.58 3.59 3.6  3.65 3.7  3.75 3.8  3.85 3.9  3.95 4.
 4.05 4.1  4.15 4.2 ]",
Water_Ice,H2O,1060micron_70K,Not given,"[0.45 0.5  0.55 0.6  0.65 0.7  0.75 0.8  0.85 0.9  0.95 1.   1.01 1.02
 1.03 1.04 1.05 1.06 1.07 1.08 1.09 1.1  1.11 1.12 1.13 1.14 1.15 1.16
 1.17 1.18 1.19 1.2  1.21 1.22 1.23 1.24 1.25 1.26 1.27 1.28 1.29 1.3
 1.31 1.32 1.33 1.34 1.35 1.36 1.37 1.38 1.39 1.4  1.41 1.42 1.43 1.44
 1.45 1.46 1.47 1.48 1.49 1.5  1.51 1.52 1.53 1.54 1.55 1.56 1.57 1.58
 1.59 1.6  1.61 1.62 1.63 1.64 1.65 1.66 1.67 1.68 1.69 1.7  1.71 1.72
 1.73 1.74 1.75 1.76 1.77 1.78 1.79 1.8  1.81 1.82 1.83 1.84 1.85 1.86
 1.87 1.88 1.89 1.9  1.91 1.92 1.93 1.94 1.95 1.96 1.97 1.98 1.99 2.
 2.01 2.02 2.03 2.04 2.05 2.06 2.07 2.08 2.09 2.1  2.11 2.12 2.13 2.14
 2.15 2.16 2.17 2.18 2.19 2.2  2.21 2.22 2.23 2.24 2.25 2.26 2.27 2.28
 2.29 2.3  2.31 2.32 2.33 2.34 2.35 2.36 2.37 2.38 2.39 2.4  2.41 2.42
 2.43 2.44 2.45 2.46 2.47 2.48 2.49 2.5  2.51 2.52 2.53 2.54 2.55 2.56
 2.57 2.58 2.59 2.6  2.61 2.62 2.63 2.64 2.65 2.66 2.67 2.68 2.69 2.7
 2.71 2.72 2.73 2.74 2.75 2.76 2.77 2.78 2.79 2.8  2.81 2.82 2.83 2.84
 2.85 2.86 2.87 2.88 2.89 2.9  2.91 2.92 2.93 2.94 2.95 2.96 2.97 2.98
 2.99 3.   3.01 3.02 3.03 3.04 3.05 3.06 3.07 3.08 3.09 3.1  3.11 3.12
 3.13 3.14 3.15 3.16 3.17 3.18 3.19 3.2  3.21 3.22 3.23 3.24 3.25 3.26
 3.27 3.28 3.29 3.3  3.31 3.32 3.33 3.34 3.35 3.36 3.37 3.38 3.39 3.4
 3.41 3.42 3.43 3.44 3.45 3.46 3.47 3.48 3.49 3.5  3.51 3.52 3.53 3.54
 3.55 3.56 3.57 3.58 3.59 3.6  3.65 3.7  3.75 3.8  3.85 3.9  3.95 4.
 4.05 4.1  4.15 4.2 ]",
Water_Ice,H2O,300micron_irr_70K,Not given,"[0.45 0.5  0.55 0.6  0.65 0.7  0.75 0.8  0.85 0.9  0.95 1.   1.01 1.02
 1.03 1.04 1.05 1.06 1.07 1.08 1.09 1.1  1.11 1.12 1.13 1.14 1.15 1.16
 1.17 1.18 1.19 1.2  1.21 1.22 1.23 1.24 1.25 1.26 1.27 1.28 1.29 1.3
 1.31 1.32 1.33 1.34 1.35 1.36 1.37 1.38 1.39 1.4  1.41 1.42 1.43 1.44
 1.45 1.46 1.47 1.48 1.49 1.5  1.51 1.52 1.53 1.54 1.55 1.56 1.57 1.58
 1.59 1.6  1.61 1.62 1.63 1.64 1.65 1.66 1.67 1.68 1.69 1.7  1.71 1.72
 1.73 1.74 1.75 1.76 1.77 1.78 1.79 1.8  1.81 1.82 1.83 1.84 1.85 1.86
 1.87 1.88 1.89 1.9  1.91 1.92 1.93 1.94 1.95 1.96 1.97 1.98 1.99 2.
 2.01 2.02 2.03 2.04 2.05 2.06 2.07 2.08 2.09 2.1  2.11 2.12 2.13 2.14
 2.15 2.16 2.17 2.18 2.19 2.2  2.21 2.22 2.23 2.24 2.25 2.26 2.27 2.28
 2.29 2.3  2.31 2.32 2.33 2.34 2.35 2.36 2.37 2.38 2.39 2.4  2.41 2.42
 2.43 2.44 2.45 2.46 2.47 2.48 2.49 2.5  2.51 2.52 2.53 2.54 2.55 2.56
 2.57 2.58 2.59 2.6  2.61 2.62 2.63 2.64 2.65 2.66 2.67 2.68 2.69 2.7
 2.71 2.72 2.73 2.74 2.75 2.76 2.77 2.78 2.79 2.8  2.81 2.82 2.83 2.84
 2.85 2.86 2.87 2.88 2.89 2.9  2.91 2.92 2.93 2.94 2.95 2.96 2.97 2.98
 2.99 3.   3.01 3.02 3.03 3.04 3.05 3.06 3.07 3.08 3.09 3.1  3.11 3.12
 3.13 3.14 3.15 3.16 3.17 3.18 3.19 3.2  3.21 3.22 3.23 3.24 3.25 3.26
 3.27 3.28 3.29 3.3  3.31 3.32 3.33 3.34 3.35 3.36 3.37 3.38 3.39 3.4
 3.41 3.42 3.43 3.44 3.45 3.46 3.47 3.48 3.49 3.5  3.51 3.52 3.53 3.54
 3.55 3.56 3.57 3.58 3.59 3.6  3.65 3.7  3.75 3.8  3.85 3.9  3.95 4.
 4.05 4.1  4.15 4.2 ]",
Water_Ice,H2O,680micron_130K,Not given,"[0.45 0.5  0.55 0.6  0.65 0.7  0.75 0.8  0.85 0.9  0.95 1.   1.01 1.02
 1.03 1.04 1.05 1.06 1.07 1.08 1.09 1.1  1.11 1.12 1.13 1.14 1.15 1.16
 1.17 1.18 1.19 1.2  1.21 1.22 1.23 1.24 1.25 1.26 1.27 1.28 1.29 1.3
 1.31 1.32 1.33 1.34 1.35 1.36 1.37 1.38 1.39 1.4  1.41 1.42 1.43 1.44
 1.45 1.46 1.47 1.48 1.49 1.5  1.51 1.52 1.53 1.54 1.55 1.56 1.57 1.58
 1.59 1.6  1.61 1.62 1.63 1.64 1.65 1.66 1.67 1.68 1.69 1.7  1.71 1.72
 1.73 1.74 1.75 1.76 1.77 1.78 1.79 1.8  1.81 1.82 1.83 1.84 1.85 1.86
 1.87 1.88 1.89 1.9  1.91 1.92 1.93 1.94 1.95 1.96 1.97 1.98 1.99 2.
 2.01 2.02 2.03 2.04 2.05 2.06 2.07 2.08 2.09 2.1  2.11 2.12 2.13 2.14
 2.15 2.16 2.17 2.18 2.19 2.2  2.21 2.22 2.23 2.24 2.25 2.26 2.27 2.28
 2.29 2.3  2.31 2.32 2.33 2.34 2.35 2.36 2.37 2.38 2.39 2.4  2.41 2.42
 2.43 2.44 2.45 2.46 2.47 2.48 2.49 2.5  2.51 2.52 2.53 2.54 2.55 2.56
 2.57 2.58 2.59 2.6  2.61 2.62 2.63 2.64 2.65 2.66 2.67 2.68 2.69 2.7
 2.71 2.72 2.73 2.74 2.75 2.76 2.77 2.78 2.79 2.8  2.81 2.82 2.83 2.84
 2.85 2.86 2.87 2.88 2.89 2.9  2.91 2.92 2.93 2.94 2.95 2.96 2.97 2.98
 2.99 3.   3.01 3.02 3.03 3.04 3.05 3.06 3.07 3.08 3.09 3.1  3.11 3.12
 3.13 3.14 3.15 3.16 3.17 3.18 3.19 3.2  3.21 3.22 3.23 3.24 3.25 3.26
 3.27 3.28 3.29 3.3  3.31 3.32 3.33 3.34 3.35 3.36 3.37 3.38 3.39 3.4
 3.41 3.42 3.43 3.44 3.45 3.46 3.47 3.48 3.49 3.5  3.51 3.52 3.53 3.54
 3.55 3.56 3.57 3.58 3.59 3.6  3.65 3.7  3.75 3.8  3.85 3.9  3.95 4.
 4.05 4.1  4.15 4.2 ]",
Water_Ice,H2O,300micron_irr_220K,Not given,"[0.45 0.5  0.55 0.6  0.65 0.7  0.75 0.8  0.85 0.9  0.95 1.   1.01 1.02
 1.03 1.04 1.05 1.06 1.07 1.08 1.09 1.1  1.11 1.12 1.13 1.14 1.15 1.16
 1.17 1.18 1.19 1.2  1.21 1.22 1.23 1.24 1.25 1.26 1.27 1.28 1.29 1.3
 1.31 1.32 1.33 1.34 1.35 1.36 1.37 1.38 1.39 1.4  1.41 1.42 1.43 1.44
 1.45 1.46 1.47 1.48 1.49 1.5  1.51 1.52 1.53 1.54 1.55 1.56 1.57 1.58
 1.59 1.6  1.61 1.62 1.63 1.64 1.65 1.66 1.67 1.68 1.69 1.7  1.71 1.72
 1.73 1.74 1.75 1.76 1.77 1.78 1.79 1.8  1.81 1.82 1.83 1.84 1.85 1.86
 1.87 1.88 1.89 1.9  1.91 1.92 1.93 1.94 1.95 1.96 1.97 1.98 1.99 2.
 2.01 2.02 2.03 2.04 2.05 2.06 2.07 2.08 2.09 2.1  2.11 2.12 2.13 2.14
 2.15 2.16 2.17 2.18 2.19 2.2  2.21 2.22 2.23 2.24 2.25 2.26 2.27 2.28
 2.29 2.3  2.31 2.32 2.33 2.34 2.35 2.36 2.37 2.38 2.39 2.4  2.41 2.42
 2.43 2.44 2.45 2.46 2.47 2.48 2.49 2.5  2.51 2.52 2.53 2.54 2.55 2.56
 2.57 2.58 2.59 2.6  2.61 2.62 2.63 2.64 2.65 2.66 2.67 2.68 2.69 2.7
 2.71 2.72 2.73 2.74 2.75 2.76 2.77 2.78 2.79 2.8  2.81 2.82 2.83 2.84
 2.85 2.86 2.87 2.88 2.89 2.9  2.91 2.92 2.93 2.94 2.95 2.96 2.97 2.98
 2.99 3.   3.01 3.02 3.03 3.04 3.05 3.06 3.07 3.08 3.09 3.1  3.11 3.12
 3.13 3.14 3.15 3.16 3.17 3.18 3.19 3.2  3.21 3.22 3.23 3.24 3.25 3.26
 3.27 3.28 3.29 3.3  3.31 3.32 3.33 3.34 3.35 3.36 3.37 3.38 3.39 3.4
 3.41 3.42 3.43 3.44 3.45 3.46 3.47 3.48 3.49 3.5  3.51 3.52 3.53 3.54
 3.55 3.56 3.57 3.58 3.59 3.6  3.65 3.7  3.75 3.8  3.85 3.9  3.95 4.
 4.05 4.1  4.15 4.2 ]",
Water_Ice,H2O,1360micron_110K,Not given,"[0.45 0.5  0.55 0.6  0.65 0.7  0.75 0.8  0.85 0.9  0.95 1.   1.01 1.02
 1.03 1.04 1.05 1.06 1.07 1.08 1.09 1.1  1.11 1.12 1.13 1.14 1.15 1.16
 1.17 1.18 1.19 1.2  1.21 1.22 1.23 1.24 1.25 1.26 1.27 1.28 1.29 1.3
 1.31 1.32 1.33 1.34 1.35 1.36 1.37 1.38 1.39 1.4  1.41 1.42 1.43 1.44
 1.45 1.46 1.47 1.48 1.49 1.5  1.51 1.52 1.53 1.54 1.55 1.56 1.57 1.58
 1.59 1.6  1.61 1.62 1.63 1.64 1.65 1.66 1.67 1.68 1.69 1.7  1.71 1.72
 1.73 1.74 1.75 1.76 1.77 1.78 1.79 1.8  1.81 1.82 1.83 1.84 1.85 1.86
 1.87 1.88 1.89 1.9  1.91 1.92 1.93 1.94 1.95 1.96 1.97 1.98 1.99 2.
 2.01 2.02 2.03 2.04 2.05 2.06 2.07 2.08 2.09 2.1  2.11 2.12 2.13 2.14
 2.15 2.16 2.17 2.18 2.19 2.2  2.21 2.22 2.23 2.24 2.25 2.26 2.27 2.28
 2.29 2.3  2.31 2.32 2.33 2.34 2.35 2.36 2.37 2.38 2.39 2.4  2.41 2.42
 2.43 2.44 2.45 2.46 2.47 2.48 2.49 2.5  2.51 2.52 2.53 2.54 2.55 2.56
 2.57 2.58 2.59 2.6  2.61 2.62 2.63 2.64 2.65 2.66 2.67 2.68 2.69 2.7
 2.71 2.72 2.73 2.74 2.75 2.76 2.77 2.78 2.79 2.8  2.81 2.82 2.83 2.84
 2.85 2.86 2.87 2.88 2.89 2.9  2.91 2.92 2.93 2.94 2.95 2.96 2.97 2.98
 2.99 3.   3.01 3.02 3.03 3.04 3.05 3.06 3.07 3.08 3.09 3.1  3.11 3.12
 3.13 3.14 3.15 3.16 3.17 3.18 3.19 3.2  3.21 3.22 3.23 3.24 3.25 3.26
 3.27 3.28 3.29 3.3  3.31 3.32 3.33 3.34 3.35 3.36 3.37 3.38 3.39 3.4
 3.41 3.42 3.43 3.44 3.45 3.46 3.47 3.48 3.49 3.5  3.51 3.52 3.53 3.54
 3.55 3.56 3.57 3.58 3.59 3.6  3.65 3.7  3.75 3.8  3.85 3.9  3.95 4.
 4.05 4.1  4.15 4.2 ]",
Water_Ice,H2O,70micron_100K,Not given,"[0.45 0.5  0.55 0.6  0.65 0.7  0.75 0.8  0.85 0.9  0.95 1.   1.01 1.02
 1.03 1.04 1.05 1.06 1.07 1.08 1.09 1.1  1.11 1.12 1.13 1.14 1.15 1.16
 1.17 1.18 1.19 1.2  1.21 1.22 1.23 1.24 1.25 1.26 1.27 1.28 1.29 1.3
 1.31 1.32 1.33 1.34 1.35 1.36 1.37 1.38 1.39 1.4  1.41 1.42 1.43 1.44
 1.45 1.46 1.47 1.48 1.49 1.5  1.51 1.52 1.53 1.54 1.55 1.56 1.57 1.58
 1.59 1.6  1.61 1.62 1.63 1.64 1.65 1.66 1.67 1.68 1.69 1.7  1.71 1.72
 1.73 1.74 1.75 1.76 1.77 1.78 1.79 1.8  1.81 1.82 1.83 1.84 1.85 1.86
 1.87 1.88 1.89 1.9  1.91 1.92 1.93 1.94 1.95 1.96 1.97 1.98 1.99 2.
 2.01 2.02 2.03 2.04 2.05 2.06 2.07 2.08 2.09 2.1  2.11 2.12 2.13 2.14
 2.15 2.16 2.17 2.18 2.19 2.2  2.21 2.22 2.23 2.24 2.25 2.26 2.27 2.28
 2.29 2.3  2.31 2.32 2.33 2.34 2.35 2.36 2.37 2.38 2.39 2.4  2.41 2.42
 2.43 2.44 2.45 2.46 2.47 2.48 2.49 2.5  2.51 2.52 2.53 2.54 2.55 2.56
 2.57 2.58 2.59 2.6  2.61 2.62 2.63 2.64 2.65 2.66 2.67 2.68 2.69 2.7
 2.71 2.72 2.73 2.74 2.75 2.76 2.77 2.78 2.79 2.8  2.81 2.82 2.83 2.84
 2.85 2.86 2.87 2.88 2.89 2.9  2.91 2.92 2.93 2.94 2.95 2.96 2.97 2.98
 2.99 3.   3.01 3.02 3.03 3.04 3.05 3.06 3.07 3.08 3.09 3.1  3.11 3.12
 3.13 3.14 3.15 3.16 3.17 3.18 3.19 3.2  3.21 3.22 3.23 3.24 3.25 3.26
 3.27 3.28 3.29 3.3  3.31 3.32 3.33 3.34 3.35 3.36 3.37 3.38 3.39 3.4
 3.41 3.42 3.43 3.44 3.45 3.46 3.47 3.48 3.49 3.5  3.51 3.52 3.53 3.54
 3.55 3.56 3.57 3.58 3.59 3.6  3.65 3.7  3.75 3.8  3.85 3.9  3.95 4.
 4.05 4.1  4.15 4.2 ]",
Water_Ice,H2O,1060micron_100K,Not given,"[0.45 0.5  0.55 0.6  0.65 0.7  0.75 0.8  0.85 0.9  0.95 1.   1.01 1.02
 1.03 1.04 1.05 1.06 1.07 1.08 1.09 1.1  1.11 1.12 1.13 1.14 1.15 1.16
 1.17 1.18 1.19 1.2  1.21 1.22 1.23 1.24 1.25 1.26 1.27 1.28 1.29 1.3
 1.31 1.32 1.33 1.34 1.35 1.36 1.37 1.38 1.39 1.4  1.41 1.42 1.43 1.44
 1.45 1.46 1.47 1.48 1.49 1.5  1.51 1.52 1.53 1.54 1.55 1.56 1.57 1.58
 1.59 1.6  1.61 1.62 1.63 1.64 1.65 1.66 1.67 1.68 1.69 1.7  1.71 1.72
 1.73 1.74 1.75 1.76 1.77 1.78 1.79 1.8  1.81 1.82 1.83 1.84 1.85 1.86
 1.87 1.88 1.89 1.9  1.91 1.92 1.93 1.94 1.95 1.96 1.97 1.98 1.99 2.
 2.01 2.02 2.03 2.04 2.05 2.06 2.07 2.08 2.09 2.1  2.11 2.12 2.13 2.14
 2.15 2.16 2.17 2.18 2.19 2.2  2.21 2.22 2.23 2.24 2.25 2.26 2.27 2.28
 2.29 2.3  2.31 2.32 2.33 2.34 2.35 2.36 2.37 2.38 2.39 2.4  2.41 2.42
 2.43 2.44 2.45 2.46 2.47 2.48 2.49 2.5  2.51 2.52 2.53 2.54 2.55 2.56
 2.57 2.58 2.59 2.6  2.61 2.62 2.63 2.64 2.65 2.66 2.67 2.68 2.69 2.7
 2.71 2.72 2.73 2.74 2.75 2.76 2.77 2.78 2.79 2.8  2.81 2.82 2.83 2.84
 2.85 2.86 2.87 2.88 2.89 2.9  2.91 2.92 2.93 2.94 2.95 2.96 2.97 2.98
 2.99 3.   3.01 3.02 3.03 3.04 3.05 3.06 3.07 3.08 3.09 3.1  3.11 3.12
 3.13 3.14 3.15 3.16 3.17 3.18 3.19 3.2  3.21 3.22 3.23 3.24 3.25 3.26
 3.27 3.28 3.29 3.3  3.31 3.32 3.33 3.34 3.35 3.36 3.37 3.38 3.39 3.4
 3.41 3.42 3.43 3.44 3.45 3.46 3.47 3.48 3.49 3.5  3.51 3.52 3.53 3.54
 3.55 3.56 3.57 3.58 3.59 3.6  3.65 3.7  3.75 3.8  3.85 3.9  3.95 4.
 4.05 4.1  4.15 4.2 ]",
Water_Ice,H2O,300micron_irr_120K,Not given,"[0.45 0.5  0.55 0.6  0.65 0.7  0.75 0.8  0.85 0.9  0.95 1.   1.01 1.02
 1.03 1.04 1.05 1.06 1.07 1.08 1.09 1.1  1.11 1.12 1.13 1.14 1.15 1.16
 1.17 1.18 1.19 1.2  1.21 1.22 1.23 1.24 1.25 1.26 1.27 1.28 1.29 1.3
 1.31 1.32 1.33 1.34 1.35 1.36 1.37 1.38 1.39 1.4  1.41 1.42 1.43 1.44
 1.45 1.46 1.47 1.48 1.49 1.5  1.51 1.52 1.53 1.54 1.55 1.56 1.57 1.58
 1.59 1.6  1.61 1.62 1.63 1.64 1.65 1.66 1.67 1.68 1.69 1.7  1.71 1.72
 1.73 1.74 1.75 1.76 1.77 1.78 1.79 1.8  1.81 1.82 1.83 1.84 1.85 1.86
 1.87 1.88 1.89 1.9  1.91 1.92 1.93 1.94 1.95 1.96 1.97 1.98 1.99 2.
 2.01 2.02 2.03 2.04 2.05 2.06 2.07 2.08 2.09 2.1  2.11 2.12 2.13 2.14
 2.15 2.16 2.17 2.18 2.19 2.2  2.21 2.22 2.23 2.24 2.25 2.26 2.27 2.28
 2.29 2.3  2.31 2.32 2.33 2.34 2.35 2.36 2.37 2.38 2.39 2.4  2.41 2.42
 2.43 2.44 2.45 2.46 2.47 2.48 2.49 2.5  2.51 2.52 2.53 2.54 2.55 2.56
 2.57 2.58 2.59 2.6  2.61 2.62 2.63 2.64 2.65 2.66 2.67 2.68 2.69 2.7
 2.71 2.72 2.73 2.74 2.75 2.76 2.77 2.78 2.79 2.8  2.81 2.82 2.83 2.84
 2.85 2.86 2.87 2.88 2.89 2.9  2.91 2.92 2.93 2.94 2.95 2.96 2.97 2.98
 2.99 3.   3.01 3.02 3.03 3.04 3.05 3.06 3.07 3.08 3.09 3.1  3.11 3.12
 3.13 3.14 3.15 3.16 3.17 3.18 3.19 3.2  3.21 3.22 3.23 3.24 3.25 3.26
 3.27 3.28 3.29 3.3  3.31 3.32 3.33 3.34 3.35 3.36 3.37 3.38 3.39 3.4
 3.41 3.42 3.43 3.44 3.45 3.46 3.47 3.48 3.49 3.5  3.51 3.52 3.53 3.54
 3.55 3.56 3.57 3.58 3.59 3.6  3.65 3.7  3.75 3.8  3.85 3.9  3.95 4.
 4.05 4.1  4.15 4.2 ]",
Water_Ice,H2O,300micron_sph_110K,Not given,"[0.45 0.5  0.55 0.6  0.65 0.7  0.75 0.8  0.85 0.9  0.95 1.   1.01 1.02
 1.03 1.04 1.05 1.06 1.07 1.08 1.09 1.1  1.11 1.12 1.13 1.14 1.15 1.16
 1.17 1.18 1.19 1.2  1.21 1.22 1.23 1.24 1.25 1.26 1.27 1.28 1.29 1.3
 1.31 1.32 1.33 1.34 1.35 1.36 1.37 1.38 1.39 1.4  1.41 1.42 1.43 1.44
 1.45 1.46 1.47 1.48 1.49 1.5  1.51 1.52 1.53 1.54 1.55 1.56 1.57 1.58
 1.59 1.6  1.61 1.62 1.63 1.64 1.65 1.66 1.67 1.68 1.69 1.7  1.71 1.72
 1.73 1.74 1.75 1.76 1.77 1.78 1.79 1.8  1.81 1.82 1.83 1.84 1.85 1.86
 1.87 1.88 1.89 1.9  1.91 1.92 1.93 1.94 1.95 1.96 1.97 1.98 1.99 2.
 2.01 2.02 2.03 2.04 2.05 2.06 2.07 2.08 2.09 2.1  2.11 2.12 2.13 2.14
 2.15 2.16 2.17 2.18 2.19 2.2  2.21 2.22 2.23 2.24 2.25 2.26 2.27 2.28
 2.29 2.3  2.31 2.32 2.33 2.34 2.35 2.36 2.37 2.38 2.39 2.4  2.41 2.42
 2.43 2.44 2.45 2.46 2.47 2.48 2.49 2.5  2.51 2.52 2.53 2.54 2.55 2.56
 2.57 2.58 2.59 2.6  2.61 2.62 2.63 2.64 2.65 2.66 2.67 2.68 2.69 2.7
 2.71 2.72 2.73 2.74 2.75 2.76 2.77 2.78 2.79 2.8  2.81 2.82 2.83 2.84
 2.85 2.86 2.87 2.88 2.89 2.9  2.91 2.92 2.93 2.94 2.95 2.96 2.97 2.98
 2.99 3.   3.01 3.02 3.03 3.04 3.05 3.06 3.07 3.08 3.09 3.1  3.11 3.12
 3.13 3.14 3.15 3.16 3.17 3.18 3.19 3.2  3.21 3.22 3.23 3.24 3.25 3.26
 3.27 3.28 3.29 3.3  3.31 3.32 3.33 3.34 3.35 3.36 3.37 3.38 3.39 3.4
 3.41 3.42 3.43 3.44 3.45 3.46 3.47 3.48 3.49 3.5  3.51 3.52 3.53 3.54
 3.55 3.56 3.57 3.58 3.59 3.6  3.65 3.7  3.75 3.8  3.85 3.9  3.95 4.
 4.05 4.1  4.15 4.2 ]",
Water_Ice,H2O,1060micron_150K,Not given,"[0.45 0.5  0.55 0.6  0.65 0.7  0.75 0.8  0.85 0.9  0.95 1.   1.01 1.02
 1.03 1.04 1.05 1.06 1.07 1.08 1.09 1.1  1.11 1.12 1.13 1.14 1.15 1.16
 1.17 1.18 1.19 1.2  1.21 1.22 1.23 1.24 1.25 1.26 1.27 1.28 1.29 1.3
 1.31 1.32 1.33 1.34 1.35 1.36 1.37 1.38 1.39 1.4  1.41 1.42 1.43 1.44
 1.45 1.46 1.47 1.48 1.49 1.5  1.51 1.52 1.53 1.54 1.55 1.56 1.57 1.58
 1.59 1.6  1.61 1.62 1.63 1.64 1.65 1.66 1.67 1.68 1.69 1.7  1.71 1.72
 1.73 1.74 1.75 1.76 1.77 1.78 1.79 1.8  1.81 1.82 1.83 1.84 1.85 1.86
 1.87 1.88 1.89 1.9  1.91 1.92 1.93 1.94 1.95 1.96 1.97 1.98 1.99 2.
 2.01 2.02 2.03 2.04 2.05 2.06 2.07 2.08 2.09 2.1  2.11 2.12 2.13 2.14
 2.15 2.16 2.17 2.18 2.19 2.2  2.21 2.22 2.23 2.24 2.25 2.26 2.27 2.28
 2.29 2.3  2.31 2.32 2.33 2.34 2.35 2.36 2.37 2.38 2.39 2.4  2.41 2.42
 2.43 2.44 2.45 2.46 2.47 2.48 2.49 2.5  2.51 2.52 2.53 2.54 2.55 2.56
 2.57 2.58 2.59 2.6  2.61 2.62 2.63 2.64 2.65 2.66 2.67 2.68 2.69 2.7
 2.71 2.72 2.73 2.74 2.75 2.76 2.77 2.78 2.79 2.8  2.81 2.82 2.83 2.84
 2.85 2.86 2.87 2.88 2.89 2.9  2.91 2.92 2.93 2.94 2.95 2.96 2.97 2.98
 2.99 3.   3.01 3.02 3.03 3.04 3.05 3.06 3.07 3.08 3.09 3.1  3.11 3.12
 3.13 3.14 3.15 3.16 3.17 3.18 3.19 3.2  3.21 3.22 3.23 3.24 3.25 3.26
 3.27 3.28 3.29 3.3  3.31 3.32 3.33 3.34 3.35 3.36 3.37 3.38 3.39 3.4
 3.41 3.42 3.43 3.44 3.45 3.46 3.47 3.48 3.49 3.5  3.51 3.52 3.53 3.54
 3.55 3.56 3.57 3.58 3.59 3.6  3.65 3.7  3.75 3.8  3.85 3.9  3.95 4.
 4.05 4.1  4.15 4.2 ]",
Water_Ice,H2O,300micron_sph_140K,Not given,"[0.45 0.5  0.55 0.6  0.65 0.7  0.75 0.8  0.85 0.9  0.95 1.   1.01 1.02
 1.03 1.04 1.05 1.06 1.07 1.08 1.09 1.1  1.11 1.12 1.13 1.14 1.15 1.16
 1.17 1.18 1.19 1.2  1.21 1.22 1.23 1.24 1.25 1.26 1.27 1.28 1.29 1.3
 1.31 1.32 1.33 1.34 1.35 1.36 1.37 1.38 1.39 1.4  1.41 1.42 1.43 1.44
 1.45 1.46 1.47 1.48 1.49 1.5  1.51 1.52 1.53 1.54 1.55 1.56 1.57 1.58
 1.59 1.6  1.61 1.62 1.63 1.64 1.65 1.66 1.67 1.68 1.69 1.7  1.71 1.72
 1.73 1.74 1.75 1.76 1.77 1.78 1.79 1.8  1.81 1.82 1.83 1.84 1.85 1.86
 1.87 1.88 1.89 1.9  1.91 1.92 1.93 1.94 1.95 1.96 1.97 1.98 1.99 2.
 2.01 2.02 2.03 2.04 2.05 2.06 2.07 2.08 2.09 2.1  2.11 2.12 2.13 2.14
 2.15 2.16 2.17 2.18 2.19 2.2  2.21 2.22 2.23 2.24 2.25 2.26 2.27 2.28
 2.29 2.3  2.31 2.32 2.33 2.34 2.35 2.36 2.37 2.38 2.39 2.4  2.41 2.42
 2.43 2.44 2.45 2.46 2.47 2.48 2.49 2.5  2.51 2.52 2.53 2.54 2.55 2.56
 2.57 2.58 2.59 2.6  2.61 2.62 2.63 2.64 2.65 2.66 2.67 2.68 2.69 2.7
 2.71 2.72 2.73 2.74 2.75 2.76 2.77 2.78 2.79 2.8  2.81 2.82 2.83 2.84
 2.85 2.86 2.87 2.88 2.89 2.9  2.91 2.92 2.93 2.94 2.95 2.96 2.97 2.98
 2.99 3.   3.01 3.02 3.03 3.04 3.05 3.06 3.07 3.08 3.09 3.1  3.11 3.12
 3.13 3.14 3.15 3.16 3.17 3.18 3.19 3.2  3.21 3.22 3.23 3.24 3.25 3.26
 3.27 3.28 3.29 3.3  3.31 3.32 3.33 3.34 3.35 3.36 3.37 3.38 3.39 3.4
 3.41 3.42 3.43 3.44 3.45 3.46 3.47 3.48 3.49 3.5  3.51 3.52 3.53 3.54
 3.55 3.56 3.57 3.58 3.59 3.6  3.65 3.7  3.75 3.8  3.85 3.9  3.95 4.
 4.05 4.1  4.15 4.2 ]",
Water_Ice,H2O,70micron_150K,Not given,"[0.45 0.5  0.55 0.6  0.65 0.7  0.75 0.8  0.85 0.9  0.95 1.   1.01 1.02
 1.03 1.04 1.05 1.06 1.07 1.08 1.09 1.1  1.11 1.12 1.13 1.14 1.15 1.16
 1.17 1.18 1.19 1.2  1.21 1.22 1.23 1.24 1.25 1.26 1.27 1.28 1.29 1.3
 1.31 1.32 1.33 1.34 1.35 1.36 1.37 1.38 1.39 1.4  1.41 1.42 1.43 1.44
 1.45 1.46 1.47 1.48 1.49 1.5  1.51 1.52 1.53 1.54 1.55 1.56 1.57 1.58
 1.59 1.6  1.61 1.62 1.63 1.64 1.65 1.66 1.67 1.68 1.69 1.7  1.71 1.72
 1.73 1.74 1.75 1.76 1.77 1.78 1.79 1.8  1.81 1.82 1.83 1.84 1.85 1.86
 1.87 1.88 1.89 1.9  1.91 1.92 1.93 1.94 1.95 1.96 1.97 1.98 1.99 2.
 2.01 2.02 2.03 2.04 2.05 2.06 2.07 2.08 2.09 2.1  2.11 2.12 2.13 2.14
 2.15 2.16 2.17 2.18 2.19 2.2  2.21 2.22 2.23 2.24 2.25 2.26 2.27 2.28
 2.29 2.3  2.31 2.32 2.33 2.34 2.35 2.36 2.37 2.38 2.39 2.4  2.41 2.42
 2.43 2.44 2.45 2.46 2.47 2.48 2.49 2.5  2.51 2.52 2.53 2.54 2.55 2.56
 2.57 2.58 2.59 2.6  2.61 2.62 2.63 2.64 2.65 2.66 2.67 2.68 2.69 2.7
 2.71 2.72 2.73 2.74 2.75 2.76 2.77 2.78 2.79 2.8  2.81 2.82 2.83 2.84
 2.85 2.86 2.87 2.88 2.89 2.9  2.91 2.92 2.93 2.94 2.95 2.96 2.97 2.98
 2.99 3.   3.01 3.02 3.03 3.04 3.05 3.06 3.07 3.08 3.09 3.1  3.11 3.12
 3.13 3.14 3.15 3.16 3.17 3.18 3.19 3.2  3.21 3.22 3.23 3.24 3.25 3.26
 3.27 3.28 3.29 3.3  3.31 3.32 3.33 3.34 3.35 3.36 3.37 3.38 3.39 3.4
 3.41 3.42 3.43 3.44 3.45 3.46 3.47 3.48 3.49 3.5  3.51 3.52 3.53 3.54
 3.55 3.56 3.57 3.58 3.59 3.6  3.65 3.7  3.75 3.8  3.85 3.9  3.95 4.
 4.05 4.1  4.15 4.2 ]",
Water_Ice,H2O,1360micron_140K,Not given,"[0.45 0.5  0.55 0.6  0.65 0.7  0.75 0.8  0.85 0.9  0.95 1.   1.01 1.02
 1.03 1.04 1.05 1.06 1.07 1.08 1.09 1.1  1.11 1.12 1.13 1.14 1.15 1.16
 1.17 1.18 1.19 1.2  1.21 1.22 1.23 1.24 1.25 1.26 1.27 1.28 1.29 1.3
 1.31 1.32 1.33 1.34 1.35 1.36 1.37 1.38 1.39 1.4  1.41 1.42 1.43 1.44
 1.45 1.46 1.47 1.48 1.49 1.5  1.51 1.52 1.53 1.54 1.55 1.56 1.57 1.58
 1.59 1.6  1.61 1.62 1.63 1.64 1.65 1.66 1.67 1.68 1.69 1.7  1.71 1.72
 1.73 1.74 1.75 1.76 1.77 1.78 1.79 1.8  1.81 1.82 1.83 1.84 1.85 1.86
 1.87 1.88 1.89 1.9  1.91 1.92 1.93 1.94 1.95 1.96 1.97 1.98 1.99 2.
 2.01 2.02 2.03 2.04 2.05 2.06 2.07 2.08 2.09 2.1  2.11 2.12 2.13 2.14
 2.15 2.16 2.17 2.18 2.19 2.2  2.21 2.22 2.23 2.24 2.25 2.26 2.27 2.28
 2.29 2.3  2.31 2.32 2.33 2.34 2.35 2.36 2.37 2.38 2.39 2.4  2.41 2.42
 2.43 2.44 2.45 2.46 2.47 2.48 2.49 2.5  2.51 2.52 2.53 2.54 2.55 2.56
 2.57 2.58 2.59 2.6  2.61 2.62 2.63 2.64 2.65 2.66 2.67 2.68 2.69 2.7
 2.71 2.72 2.73 2.74 2.75 2.76 2.77 2.78 2.79 2.8  2.81 2.82 2.83 2.84
 2.85 2.86 2.87 2.88 2.89 2.9  2.91 2.92 2.93 2.94 2.95 2.96 2.97 2.98
 2.99 3.   3.01 3.02 3.03 3.04 3.05 3.06 3.07 3.08 3.09 3.1  3.11 3.12
 3.13 3.14 3.15 3.16 3.17 3.18 3.19 3.2  3.21 3.22 3.23 3.24 3.25 3.26
 3.27 3.28 3.29 3.3  3.31 3.32 3.33 3.34 3.35 3.36 3.37 3.38 3.39 3.4
 3.41 3.42 3.43 3.44 3.45 3.46 3.47 3.48 3.49 3.5  3.51 3.52 3.53 3.54
 3.55 3.56 3.57 3.58 3.59 3.6  3.65 3.7  3.75 3.8  3.85 3.9  3.95 4.
 4.05 4.1  4.15 4.2 ]",
Water_Ice,H2O,300micron_irr_150K,Not given,"[0.45 0.5  0.55 0.6  0.65 0.7  0.75 0.8  0.85 0.9  0.95 1.   1.01 1.02
 1.03 1.04 1.05 1.06 1.07 1.08 1.09 1.1  1.11 1.12 1.13 1.14 1.15 1.16
 1.17 1.18 1.19 1.2  1.21 1.22 1.23 1.24 1.25 1.26 1.27 1.28 1.29 1.3
 1.31 1.32 1.33 1.34 1.35 1.36 1.37 1.38 1.39 1.4  1.41 1.42 1.43 1.44
 1.45 1.46 1.47 1.48 1.49 1.5  1.51 1.52 1.53 1.54 1.55 1.56 1.57 1.58
 1.59 1.6  1.61 1.62 1.63 1.64 1.65 1.66 1.67 1.68 1.69 1.7  1.71 1.72
 1.73 1.74 1.75 1.76 1.77 1.78 1.79 1.8  1.81 1.82 1.83 1.84 1.85 1.86
 1.87 1.88 1.89 1.9  1.91 1.92 1.93 1.94 1.95 1.96 1.97 1.98 1.99 2.
 2.01 2.02 2.03 2.04 2.05 2.06 2.07 2.08 2.09 2.1  2.11 2.12 2.13 2.14
 2.15 2.16 2.17 2.18 2.19 2.2  2.21 2.22 2.23 2.24 2.25 2.26 2.27 2.28
 2.29 2.3  2.31 2.32 2.33 2.34 2.35 2.36 2.37 2.38 2.39 2.4  2.41 2.42
 2.43 2.44 2.45 2.46 2.47 2.48 2.49 2.5  2.51 2.52 2.53 2.54 2.55 2.56
 2.57 2.58 2.59 2.6  2.61 2.62 2.63 2.64 2.65 2.66 2.67 2.68 2.69 2.7
 2.71 2.72 2.73 2.74 2.75 2.76 2.77 2.78 2.79 2.8  2.81 2.82 2.83 2.84
 2.85 2.86 2.87 2.88 2.89 2.9  2.91 2.92 2.93 2.94 2.95 2.96 2.97 2.98
 2.99 3.   3.01 3.02 3.03 3.04 3.05 3.06 3.07 3.08 3.09 3.1  3.11 3.12
 3.13 3.14 3.15 3.16 3.17 3.18 3.19 3.2  3.21 3.22 3.23 3.24 3.25 3.26
 3.27 3.28 3.29 3.3  3.31 3.32 3.33 3.34 3.35 3.36 3.37 3.38 3.39 3.4
 3.41 3.42 3.43 3.44 3.45 3.46 3.47 3.48 3.49 3.5  3.51 3.52 3.53 3.54
 3.55 3.56 3.57 3.58 3.59 3.6  3.65 3.7  3.75 3.8  3.85 3.9  3.95 4.
 4.05 4.1  4.15 4.2 ]",
Water_Ice,H2O,70micron_85K,Not given,"[0.45 0.5  0.55 0.6  0.65 0.7  0.75 0.8  0.85 0.9  0.95 1.   1.   1.01
 1.02 1.03 1.04 1.05 1.06 1.07 1.08 1.09 1.1  1.11 1.12 1.13 1.14 1.15
 1.16 1.17 1.18 1.19 1.2  1.21 1.22 1.23 1.24 1.25 1.26 1.27 1.28 1.29
 1.3  1.31 1.32 1.33 1.34 1.35 1.36 1.37 1.38 1.39 1.4  1.41 1.42 1.43
 1.44 1.45 1.46 1.47 1.48 1.49 1.5  1.51 1.52 1.53 1.54 1.55 1.56 1.57
 1.58 1.59 1.6  1.61 1.62 1.63 1.64 1.65 1.66 1.67 1.68 1.69 1.7  1.71
 1.72 1.73 1.74 1.75 1.76 1.77 1.78 1.79 1.8  1.81 1.82 1.83 1.84 1.85
 1.86 1.87 1.88 1.89 1.9  1.91 1.92 1.93 1.94 1.95 1.96 1.97 1.98 1.99
 2.   2.01 2.02 2.03 2.04 2.05 2.06 2.07 2.08 2.09 2.1  2.11 2.12 2.13
 2.14 2.15 2.16 2.17 2.18 2.19 2.2  2.21 2.22 2.23 2.24 2.25 2.26 2.27
 2.28 2.29 2.3  2.31 2.32 2.33 2.34 2.35 2.36 2.37 2.38 2.39 2.4  2.41
 2.42 2.43 2.44 2.45 2.46 2.47 2.48 2.49 2.5  2.51 2.52 2.53 2.54 2.55
 2.56 2.57 2.58 2.59 2.6  2.61 2.62 2.63 2.64 2.65 2.66 2.67 2.68 2.69
 2.7  2.71 2.72 2.73 2.74 2.75 2.76 2.77 2.78 2.79 2.8  2.81 2.82 2.83
 2.84 2.85 2.86 2.87 2.88 2.89 2.9  2.91 2.92 2.93 2.94 2.95 2.96 2.97
 2.98 2.99 3.   3.01 3.02 3.03 3.04 3.05 3.06 3.07 3.08 3.09 3.1  3.11
 3.12 3.13 3.14 3.15 3.16 3.17 3.18 3.19 3.2  3.21 3.22 3.23 3.24 3.25
 3.26 3.27 3.28 3.29 3.3  3.31 3.32 3.33 3.34 3.35 3.36 3.37 3.38 3.39
 3.4  3.41 3.42 3.43 3.44 3.45 3.46 3.47 3.48 3.49 3.5  3.51 3.52 3.53
 3.54 3.55 3.56 3.57 3.58 3.59 3.6  3.6  3.65 3.7  3.75 3.8  3.85 3.9
 3.95 4.   4.05 4.1  4.15 4.2 ]",
Water_Ice,H2O,680micron_85K,Not given,"[0.45 0.5  0.55 0.6  0.65 0.7  0.75 0.8  0.85 0.9  0.95 1.   1.01 1.02
 1.03 1.04 1.05 1.06 1.07 1.08 1.09 1.1  1.11 1.12 1.13 1.14 1.15 1.16
 1.17 1.18 1.19 1.2  1.21 1.22 1.23 1.24 1.25 1.26 1.27 1.28 1.29 1.3
 1.31 1.32 1.33 1.34 1.35 1.36 1.37 1.38 1.39 1.4  1.41 1.42 1.43 1.44
 1.45 1.46 1.47 1.48 1.49 1.5  1.51 1.52 1.53 1.54 1.55 1.56 1.57 1.58
 1.59 1.6  1.61 1.62 1.63 1.64 1.65 1.66 1.67 1.68 1.69 1.7  1.71 1.72
 1.73 1.74 1.75 1.76 1.77 1.78 1.79 1.8  1.81 1.82 1.83 1.84 1.85 1.86
 1.87 1.88 1.89 1.9  1.91 1.92 1.93 1.94 1.95 1.96 1.97 1.98 1.99 2.
 2.01 2.02 2.03 2.04 2.05 2.06 2.07 2.08 2.09 2.1  2.11 2.12 2.13 2.14
 2.15 2.16 2.17 2.18 2.19 2.2  2.21 2.22 2.23 2.24 2.25 2.26 2.27 2.28
 2.29 2.3  2.31 2.32 2.33 2.34 2.35 2.36 2.37 2.38 2.39 2.4  2.41 2.42
 2.43 2.44 2.45 2.46 2.47 2.48 2.49 2.5  2.51 2.52 2.53 2.54 2.55 2.56
 2.57 2.58 2.59 2.6  2.61 2.62 2.63 2.64 2.65 2.66 2.67 2.68 2.69 2.7
 2.71 2.72 2.73 2.74 2.75 2.76 2.77 2.78 2.79 2.8  2.81 2.82 2.83 2.84
 2.85 2.86 2.87 2.88 2.89 2.9  2.91 2.92 2.93 2.94 2.95 2.96 2.97 2.98
 2.99 3.   3.01 3.02 3.03 3.04 3.05 3.06 3.07 3.08 3.09 3.1  3.11 3.12
 3.13 3.14 3.15 3.16 3.17 3.18 3.19 3.2  3.21 3.22 3.23 3.24 3.25 3.26
 3.27 3.28 3.29 3.3  3.31 3.32 3.33 3.34 3.35 3.36 3.37 3.38 3.39 3.4
 3.41 3.42 3.43 3.44 3.45 3.46 3.47 3.48 3.49 3.5  3.51 3.52 3.53 3.54
 3.55 3.56 3.57 3.58 3.59 3.6  3.65 3.7  3.75 3.8  3.85 3.9  3.95 4.
 4.05 4.1  4.15 4.2 ]",
Water_Ice,H2O,1360micron_85K,Not given,"[0.45 0.5  0.55 0.6  0.65 0.7  0.75 0.8  0.85 0.9  0.95 1.   1.01 1.02
 1.03 1.04 1.05 1.06 1.07 1.08 1.09 1.1  1.11 1.12 1.13 1.14 1.15 1.16
 1.17 1.18 1.19 1.2  1.21 1.22 1.23 1.24 1.25 1.26 1.27 1.28 1.29 1.3
 1.31 1.32 1.33 1.34 1.35 1.36 1.37 1.38 1.39 1.4  1.41 1.42 1.43 1.44
 1.45 1.46 1.47 1.48 1.49 1.5  1.51 1.52 1.53 1.54 1.55 1.56 1.57 1.58
 1.59 1.6  1.61 1.62 1.63 1.64 1.65 1.66 1.67 1.68 1.69 1.7  1.71 1.72
 1.73 1.74 1.75 1.76 1.77 1.78 1.79 1.8  1.81 1.82 1.83 1.84 1.85 1.86
 1.87 1.88 1.89 1.9  1.91 1.92 1.93 1.94 1.95 1.96 1.97 1.98 1.99 2.
 2.01 2.02 2.03 2.04 2.05 2.06 2.07 2.08 2.09 2.1  2.11 2.12 2.13 2.14
 2.15 2.16 2.17 2.18 2.19 2.2  2.21 2.22 2.23 2.24 2.25 2.26 2.27 2.28
 2.29 2.3  2.31 2.32 2.33 2.34 2.35 2.36 2.37 2.38 2.39 2.4  2.41 2.42
 2.43 2.44 2.45 2.46 2.47 2.48 2.49 2.5  2.51 2.52 2.53 2.54 2.55 2.56
 2.57 2.58 2.59 2.6  2.61 2.62 2.63 2.64 2.65 2.66 2.67 2.68 2.69 2.7
 2.71 2.72 2.73 2.74 2.75 2.76 2.77 2.78 2.79 2.8  2.81 2.82 2.83 2.84
 2.85 2.86 2.87 2.88 2.89 2.9  2.91 2.92 2.93 2.94 2.95 2.96 2.97 2.98
 2.99 3.   3.01 3.02 3.03 3.04 3.05 3.06 3.07 3.08 3.09 3.1  3.11 3.12
 3.13 3.14 3.15 3.16 3.17 3.18 3.19 3.2  3.21 3.22 3.23 3.24 3.25 3.26
 3.27 3.28 3.29 3.3  3.31 3.32 3.33 3.34 3.35 3.36 3.37 3.38 3.39 3.4
 3.41 3.42 3.43 3.44 3.45 3.46 3.47 3.48 3.49 3.5  3.51 3.52 3.53 3.54
 3.55 3.56 3.57 3.58 3.59 3.6  3.65 3.7  3.75 3.8  3.85 3.9  3.95 4.
 4.05 4.1  4.15 4.2 ]",
Water_Ice,H2O,70micron_120K,Not given,"[0.45 0.5  0.55 0.6  0.65 0.7  0.75 0.8  0.85 0.9  0.95 1.   1.01 1.02
 1.03 1.04 1.05 1.06 1.07 1.08 1.09 1.1  1.11 1.12 1.13 1.14 1.15 1.16
 1.17 1.18 1.19 1.2  1.21 1.22 1.23 1.24 1.25 1.26 1.27 1.28 1.29 1.3
 1.31 1.32 1.33 1.34 1.35 1.36 1.37 1.38 1.39 1.4  1.41 1.42 1.43 1.44
 1.45 1.46 1.47 1.48 1.49 1.5  1.51 1.52 1.53 1.54 1.55 1.56 1.57 1.58
 1.59 1.6  1.61 1.62 1.63 1.64 1.65 1.66 1.67 1.68 1.69 1.7  1.71 1.72
 1.73 1.74 1.75 1.76 1.77 1.78 1.79 1.8  1.81 1.82 1.83 1.84 1.85 1.86
 1.87 1.88 1.89 1.9  1.91 1.92 1.93 1.94 1.95 1.96 1.97 1.98 1.99 2.
 2.01 2.02 2.03 2.04 2.05 2.06 2.07 2.08 2.09 2.1  2.11 2.12 2.13 2.14
 2.15 2.16 2.17 2.18 2.19 2.2  2.21 2.22 2.23 2.24 2.25 2.26 2.27 2.28
 2.29 2.3  2.31 2.32 2.33 2.34 2.35 2.36 2.37 2.38 2.39 2.4  2.41 2.42
 2.43 2.44 2.45 2.46 2.47 2.48 2.49 2.5  2.51 2.52 2.53 2.54 2.55 2.56
 2.57 2.58 2.59 2.6  2.61 2.62 2.63 2.64 2.65 2.66 2.67 2.68 2.69 2.7
 2.71 2.72 2.73 2.74 2.75 2.76 2.77 2.78 2.79 2.8  2.81 2.82 2.83 2.84
 2.85 2.86 2.87 2.88 2.89 2.9  2.91 2.92 2.93 2.94 2.95 2.96 2.97 2.98
 2.99 3.   3.01 3.02 3.03 3.04 3.05 3.06 3.07 3.08 3.09 3.1  3.11 3.12
 3.13 3.14 3.15 3.16 3.17 3.18 3.19 3.2  3.21 3.22 3.23 3.24 3.25 3.26
 3.27 3.28 3.29 3.3  3.31 3.32 3.33 3.34 3.35 3.36 3.37 3.38 3.39 3.4
 3.41 3.42 3.43 3.44 3.45 3.46 3.47 3.48 3.49 3.5  3.51 3.52 3.53 3.54
 3.55 3.56 3.57 3.58 3.59 3.6  3.65 3.7  3.75 3.8  3.85 3.9  3.95 4.
 4.05 4.1  4.15 4.2 ]",
Water_Ice,H2O,1360micron_130K,Not given,"[0.45 0.5  0.55 0.6  0.65 0.7  0.75 0.8  0.85 0.9  0.95 1.   1.01 1.02
 1.03 1.04 1.05 1.06 1.07 1.08 1.09 1.1  1.11 1.12 1.13 1.14 1.15 1.16
 1.17 1.18 1.19 1.2  1.21 1.22 1.23 1.24 1.25 1.26 1.27 1.28 1.29 1.3
 1.31 1.32 1.33 1.34 1.35 1.36 1.37 1.38 1.39 1.4  1.41 1.42 1.43 1.44
 1.45 1.46 1.47 1.48 1.49 1.5  1.51 1.52 1.53 1.54 1.55 1.56 1.57 1.58
 1.59 1.6  1.61 1.62 1.63 1.64 1.65 1.66 1.67 1.68 1.69 1.7  1.71 1.72
 1.73 1.74 1.75 1.76 1.77 1.78 1.79 1.8  1.81 1.82 1.83 1.84 1.85 1.86
 1.87 1.88 1.89 1.9  1.91 1.92 1.93 1.94 1.95 1.96 1.97 1.98 1.99 2.
 2.01 2.02 2.03 2.04 2.05 2.06 2.07 2.08 2.09 2.1  2.11 2.12 2.13 2.14
 2.15 2.16 2.17 2.18 2.19 2.2  2.21 2.22 2.23 2.24 2.25 2.26 2.27 2.28
 2.29 2.3  2.31 2.32 2.33 2.34 2.35 2.36 2.37 2.38 2.39 2.4  2.41 2.42
 2.43 2.44 2.45 2.46 2.47 2.48 2.49 2.5  2.51 2.52 2.53 2.54 2.55 2.56
 2.57 2.58 2.59 2.6  2.61 2.62 2.63 2.64 2.65 2.66 2.67 2.68 2.69 2.7
 2.71 2.72 2.73 2.74 2.75 2.76 2.77 2.78 2.79 2.8  2.81 2.82 2.83 2.84
 2.85 2.86 2.87 2.88 2.89 2.9  2.91 2.92 2.93 2.94 2.95 2.96 2.97 2.98
 2.99 3.   3.01 3.02 3.03 3.04 3.05 3.06 3.07 3.08 3.09 3.1  3.11 3.12
 3.13 3.14 3.15 3.16 3.17 3.18 3.19 3.2  3.21 3.22 3.23 3.24 3.25 3.26
 3.27 3.28 3.29 3.3  3.31 3.32 3.33 3.34 3.35 3.36 3.37 3.38 3.39 3.4
 3.41 3.42 3.43 3.44 3.45 3.46 3.47 3.48 3.49 3.5  3.51 3.52 3.53 3.54
 3.55 3.56 3.57 3.58 3.59 3.6  3.65 3.7  3.75 3.8  3.85 3.9  3.95 4.
 4.05 4.1  4.15 4.2 ]",
Water_Ice,H2O,300micron_sph_85K,Not given,"[0.45 0.5  0.55 0.6  0.65 0.7  0.75 0.8  0.85 0.9  0.95 1.   1.01 1.02
 1.03 1.04 1.05 1.06 1.07 1.08 1.09 1.1  1.11 1.12 1.13 1.14 1.15 1.16
 1.17 1.18 1.19 1.2  1.21 1.22 1.23 1.24 1.25 1.26 1.27 1.28 1.29 1.3
 1.31 1.32 1.33 1.34 1.35 1.36 1.37 1.38 1.39 1.4  1.41 1.42 1.43 1.44
 1.45 1.46 1.47 1.48 1.49 1.5  1.51 1.52 1.53 1.54 1.55 1.56 1.57 1.58
 1.59 1.6  1.61 1.62 1.63 1.64 1.65 1.66 1.67 1.68 1.69 1.7  1.71 1.72
 1.73 1.74 1.75 1.76 1.77 1.78 1.79 1.8  1.81 1.82 1.83 1.84 1.85 1.86
 1.87 1.88 1.89 1.9  1.91 1.92 1.93 1.94 1.95 1.96 1.97 1.98 1.99 2.
 2.01 2.02 2.03 2.04 2.05 2.06 2.07 2.08 2.09 2.1  2.11 2.12 2.13 2.14
 2.15 2.16 2.17 2.18 2.19 2.2  2.21 2.22 2.23 2.24 2.25 2.26 2.27 2.28
 2.29 2.3  2.31 2.32 2.33 2.34 2.35 2.36 2.37 2.38 2.39 2.4  2.41 2.42
 2.43 2.44 2.45 2.46 2.47 2.48 2.49 2.5  2.51 2.52 2.53 2.54 2.55 2.56
 2.57 2.58 2.59 2.6  2.61 2.62 2.63 2.64 2.65 2.66 2.67 2.68 2.69 2.7
 2.71 2.72 2.73 2.74 2.75 2.76 2.77 2.78 2.79 2.8  2.81 2.82 2.83 2.84
 2.85 2.86 2.87 2.88 2.89 2.9  2.91 2.92 2.93 2.94 2.95 2.96 2.97 2.98
 2.99 3.   3.01 3.02 3.03 3.04 3.05 3.06 3.07 3.08 3.09 3.1  3.11 3.12
 3.13 3.14 3.15 3.16 3.17 3.18 3.19 3.2  3.21 3.22 3.23 3.24 3.25 3.26
 3.27 3.28 3.29 3.3  3.31 3.32 3.33 3.34 3.35 3.36 3.37 3.38 3.39 3.4
 3.41 3.42 3.43 3.44 3.45 3.46 3.47 3.48 3.49 3.5  3.51 3.52 3.53 3.54
 3.55 3.56 3.57 3.58 3.59 3.6  3.65 3.7  3.75 3.8  3.85 3.9  3.95 4.
 4.05 4.1  4.15 4.2 ]",
Water_Ice,H2O,680micron_110K,Not given,"[0.45 0.5  0.55 0.6  0.65 0.7  0.75 0.8  0.85 0.9  0.95 1.   1.01 1.02
 1.03 1.04 1.05 1.06 1.07 1.08 1.09 1.1  1.11 1.12 1.13 1.14 1.15 1.16
 1.17 1.18 1.19 1.2  1.21 1.22 1.23 1.24 1.25 1.26 1.27 1.28 1.29 1.3
 1.31 1.32 1.33 1.34 1.35 1.36 1.37 1.38 1.39 1.4  1.41 1.42 1.43 1.44
 1.45 1.46 1.47 1.48 1.49 1.5  1.51 1.52 1.53 1.54 1.55 1.56 1.57 1.58
 1.59 1.6  1.61 1.62 1.63 1.64 1.65 1.66 1.67 1.68 1.69 1.7  1.71 1.72
 1.73 1.74 1.75 1.76 1.77 1.78 1.79 1.8  1.81 1.82 1.83 1.84 1.85 1.86
 1.87 1.88 1.89 1.9  1.91 1.92 1.93 1.94 1.95 1.96 1.97 1.98 1.99 2.
 2.01 2.02 2.03 2.04 2.05 2.06 2.07 2.08 2.09 2.1  2.11 2.12 2.13 2.14
 2.15 2.16 2.17 2.18 2.19 2.2  2.21 2.22 2.23 2.24 2.25 2.26 2.27 2.28
 2.29 2.3  2.31 2.32 2.33 2.34 2.35 2.36 2.37 2.38 2.39 2.4  2.41 2.42
 2.43 2.44 2.45 2.46 2.47 2.48 2.49 2.5  2.51 2.52 2.53 2.54 2.55 2.56
 2.57 2.58 2.59 2.6  2.61 2.62 2.63 2.64 2.65 2.66 2.67 2.68 2.69 2.7
 2.71 2.72 2.73 2.74 2.75 2.76 2.77 2.78 2.79 2.8  2.81 2.82 2.83 2.84
 2.85 2.86 2.87 2.88 2.89 2.9  2.91 2.92 2.93 2.94 2.95 2.96 2.97 2.98
 2.99 3.   3.01 3.02 3.03 3.04 3.05 3.06 3.07 3.08 3.09 3.1  3.11 3.12
 3.13 3.14 3.15 3.16 3.17 3.18 3.19 3.2  3.21 3.22 3.23 3.24 3.25 3.26
 3.27 3.28 3.29 3.3  3.31 3.32 3.33 3.34 3.35 3.36 3.37 3.38 3.39 3.4
 3.41 3.42 3.43 3.44 3.45 3.46 3.47 3.48 3.49 3.5  3.51 3.52 3.53 3.54
 3.55 3.56 3.57 3.58 3.59 3.6  3.65 3.7  3.75 3.8  3.85 3.9  3.95 4.
 4.05 4.1  4.15 4.2 ]",
Water_Ice,H2O,300micron_sph_130K,Not given,"[0.45 0.5  0.55 0.6  0.65 0.7  0.75 0.8  0.85 0.9  0.95 1.   1.01 1.02
 1.03 1.04 1.05 1.06 1.07 1.08 1.09 1.1  1.11 1.12 1.13 1.14 1.15 1.16
 1.17 1.18 1.19 1.2  1.21 1.22 1.23 1.24 1.25 1.26 1.27 1.28 1.29 1.3
 1.31 1.32 1.33 1.34 1.35 1.36 1.37 1.38 1.39 1.4  1.41 1.42 1.43 1.44
 1.45 1.46 1.47 1.48 1.49 1.5  1.51 1.52 1.53 1.54 1.55 1.56 1.57 1.58
 1.59 1.6  1.61 1.62 1.63 1.64 1.65 1.66 1.67 1.68 1.69 1.7  1.71 1.72
 1.73 1.74 1.75 1.76 1.77 1.78 1.79 1.8  1.81 1.82 1.83 1.84 1.85 1.86
 1.87 1.88 1.89 1.9  1.91 1.92 1.93 1.94 1.95 1.96 1.97 1.98 1.99 2.
 2.01 2.02 2.03 2.04 2.05 2.06 2.07 2.08 2.09 2.1  2.11 2.12 2.13 2.14
 2.15 2.16 2.17 2.18 2.19 2.2  2.21 2.22 2.23 2.24 2.25 2.26 2.27 2.28
 2.29 2.3  2.31 2.32 2.33 2.34 2.35 2.36 2.37 2.38 2.39 2.4  2.41 2.42
 2.43 2.44 2.45 2.46 2.47 2.48 2.49 2.5  2.51 2.52 2.53 2.54 2.55 2.56
 2.57 2.58 2.59 2.6  2.61 2.62 2.63 2.64 2.65 2.66 2.67 2.68 2.69 2.7
 2.71 2.72 2.73 2.74 2.75 2.76 2.77 2.78 2.79 2.8  2.81 2.82 2.83 2.84
 2.85 2.86 2.87 2.88 2.89 2.9  2.91 2.92 2.93 2.94 2.95 2.96 2.97 2.98
 2.99 3.   3.01 3.02 3.03 3.04 3.05 3.06 3.07 3.08 3.09 3.1  3.11 3.12
 3.13 3.14 3.15 3.16 3.17 3.18 3.19 3.2  3.21 3.22 3.23 3.24 3.25 3.26
 3.27 3.28 3.29 3.3  3.31 3.32 3.33 3.34 3.35 3.36 3.37 3.38 3.39 3.4
 3.41 3.42 3.43 3.44 3.45 3.46 3.47 3.48 3.49 3.5  3.51 3.52 3.53 3.54
 3.55 3.56 3.57 3.58 3.59 3.6  3.65 3.7  3.75 3.8  3.85 3.9  3.95 4.
 4.05 4.1  4.15 4.2 ]",
Water_Ice,H2O,300micron_irr_80K,Not given,"[0.45 0.5  0.55 0.6  0.65 0.7  0.75 0.8  0.85 0.9  0.95 1.   1.01 1.02
 1.03 1.04 1.05 1.06 1.07 1.08 1.09 1.1  1.11 1.12 1.13 1.14 1.15 1.16
 1.17 1.18 1.19 1.2  1.21 1.22 1.23 1.24 1.25 1.26 1.27 1.28 1.29 1.3
 1.31 1.32 1.33 1.34 1.35 1.36 1.37 1.38 1.39 1.4  1.41 1.42 1.43 1.44
 1.45 1.46 1.47 1.48 1.49 1.5  1.51 1.52 1.53 1.54 1.55 1.56 1.57 1.58
 1.59 1.6  1.61 1.62 1.63 1.64 1.65 1.66 1.67 1.68 1.69 1.7  1.71 1.72
 1.73 1.74 1.75 1.76 1.77 1.78 1.79 1.8  1.81 1.82 1.83 1.84 1.85 1.86
 1.87 1.88 1.89 1.9  1.91 1.92 1.93 1.94 1.95 1.96 1.97 1.98 1.99 2.
 2.01 2.02 2.03 2.04 2.05 2.06 2.07 2.08 2.09 2.1  2.11 2.12 2.13 2.14
 2.15 2.16 2.17 2.18 2.19 2.2  2.21 2.22 2.23 2.24 2.25 2.26 2.27 2.28
 2.29 2.3  2.31 2.32 2.33 2.34 2.35 2.36 2.37 2.38 2.39 2.4  2.41 2.42
 2.43 2.44 2.45 2.46 2.47 2.48 2.49 2.5  2.51 2.52 2.53 2.54 2.55 2.56
 2.57 2.58 2.59 2.6  2.61 2.62 2.63 2.64 2.65 2.66 2.67 2.68 2.69 2.7
 2.71 2.72 2.73 2.74 2.75 2.76 2.77 2.78 2.79 2.8  2.81 2.82 2.83 2.84
 2.85 2.86 2.87 2.88 2.89 2.9  2.91 2.92 2.93 2.94 2.95 2.96 2.97 2.98
 2.99 3.   3.01 3.02 3.03 3.04 3.05 3.06 3.07 3.08 3.09 3.1  3.11 3.12
 3.13 3.14 3.15 3.16 3.17 3.18 3.19 3.2  3.21 3.22 3.23 3.24 3.25 3.26
 3.27 3.28 3.29 3.3  3.31 3.32 3.33 3.34 3.35 3.36 3.37 3.38 3.39 3.4
 3.41 3.42 3.43 3.44 3.45 3.46 3.47 3.48 3.49 3.5  3.51 3.52 3.53 3.54
 3.55 3.56 3.57 3.58 3.59 3.6  3.65 3.7  3.75 3.8  3.85 3.9  3.95 4.
 4.05 4.1  4.15 4.2 ]",
Water_Ice,H2O,300micron_irr_100K,Not given,"[0.45 0.5  0.55 0.6  0.65 0.7  0.75 0.8  0.85 0.9  0.95 1.   1.01 1.02
 1.03 1.04 1.05 1.06 1.07 1.08 1.09 1.1  1.11 1.12 1.13 1.14 1.15 1.16
 1.17 1.18 1.19 1.2  1.21 1.22 1.23 1.24 1.25 1.26 1.27 1.28 1.29 1.3
 1.31 1.32 1.33 1.34 1.35 1.36 1.37 1.38 1.39 1.4  1.41 1.42 1.43 1.44
 1.45 1.46 1.47 1.48 1.49 1.5  1.51 1.52 1.53 1.54 1.55 1.56 1.57 1.58
 1.59 1.6  1.61 1.62 1.63 1.64 1.65 1.66 1.67 1.68 1.69 1.7  1.71 1.72
 1.73 1.74 1.75 1.76 1.77 1.78 1.79 1.8  1.81 1.82 1.83 1.84 1.85 1.86
 1.87 1.88 1.89 1.9  1.91 1.92 1.93 1.94 1.95 1.96 1.97 1.98 1.99 2.
 2.01 2.02 2.03 2.04 2.05 2.06 2.07 2.08 2.09 2.1  2.11 2.12 2.13 2.14
 2.15 2.16 2.17 2.18 2.19 2.2  2.21 2.22 2.23 2.24 2.25 2.26 2.27 2.28
 2.29 2.3  2.31 2.32 2.33 2.34 2.35 2.36 2.37 2.38 2.39 2.4  2.41 2.42
 2.43 2.44 2.45 2.46 2.47 2.48 2.49 2.5  2.51 2.52 2.53 2.54 2.55 2.56
 2.57 2.58 2.59 2.6  2.61 2.62 2.63 2.64 2.65 2.66 2.67 2.68 2.69 2.7
 2.71 2.72 2.73 2.74 2.75 2.76 2.77 2.78 2.79 2.8  2.81 2.82 2.83 2.84
 2.85 2.86 2.87 2.88 2.89 2.9  2.91 2.92 2.93 2.94 2.95 2.96 2.97 2.98
 2.99 3.   3.01 3.02 3.03 3.04 3.05 3.06 3.07 3.08 3.09 3.1  3.11 3.12
 3.13 3.14 3.15 3.16 3.17 3.18 3.19 3.2  3.21 3.22 3.23 3.24 3.25 3.26
 3.27 3.28 3.29 3.3  3.31 3.32 3.33 3.34 3.35 3.36 3.37 3.38 3.39 3.4
 3.41 3.42 3.43 3.44 3.45 3.46 3.47 3.48 3.49 3.5  3.51 3.52 3.53 3.54
 3.55 3.56 3.57 3.58 3.59 3.6  3.65 3.7  3.75 3.8  3.85 3.9  3.95 4.
 4.05 4.1  4.15 4.2 ]",
Water_Ice,H2O,1060micron_120K,Not given,"[0.45 0.5  0.55 0.6  0.65 0.7  0.75 0.8  0.85 0.9  0.95 1.   1.01 1.02
 1.03 1.04 1.05 1.06 1.07 1.08 1.09 1.1  1.11 1.12 1.13 1.14 1.15 1.16
 1.17 1.18 1.19 1.2  1.21 1.22 1.23 1.24 1.25 1.26 1.27 1.28 1.29 1.3
 1.31 1.32 1.33 1.34 1.35 1.36 1.37 1.38 1.39 1.4  1.41 1.42 1.43 1.44
 1.45 1.46 1.47 1.48 1.49 1.5  1.51 1.52 1.53 1.54 1.55 1.56 1.57 1.58
 1.59 1.6  1.61 1.62 1.63 1.64 1.65 1.66 1.67 1.68 1.69 1.7  1.71 1.72
 1.73 1.74 1.75 1.76 1.77 1.78 1.79 1.8  1.81 1.82 1.83 1.84 1.85 1.86
 1.87 1.88 1.89 1.9  1.91 1.92 1.93 1.94 1.95 1.96 1.97 1.98 1.99 2.
 2.01 2.02 2.03 2.04 2.05 2.06 2.07 2.08 2.09 2.1  2.11 2.12 2.13 2.14
 2.15 2.16 2.17 2.18 2.19 2.2  2.21 2.22 2.23 2.24 2.25 2.26 2.27 2.28
 2.29 2.3  2.31 2.32 2.33 2.34 2.35 2.36 2.37 2.38 2.39 2.4  2.41 2.42
 2.43 2.44 2.45 2.46 2.47 2.48 2.49 2.5  2.51 2.52 2.53 2.54 2.55 2.56
 2.57 2.58 2.59 2.6  2.61 2.62 2.63 2.64 2.65 2.66 2.67 2.68 2.69 2.7
 2.71 2.72 2.73 2.74 2.75 2.76 2.77 2.78 2.79 2.8  2.81 2.82 2.83 2.84
 2.85 2.86 2.87 2.88 2.89 2.9  2.91 2.92 2.93 2.94 2.95 2.96 2.97 2.98
 2.99 3.   3.01 3.02 3.03 3.04 3.05 3.06 3.07 3.08 3.09 3.1  3.11 3.12
 3.13 3.14 3.15 3.16 3.17 3.18 3.19 3.2  3.21 3.22 3.23 3.24 3.25 3.26
 3.27 3.28 3.29 3.3  3.31 3.32 3.33 3.34 3.35 3.36 3.37 3.38 3.39 3.4
 3.41 3.42 3.43 3.44 3.45 3.46 3.47 3.48 3.49 3.5  3.51 3.52 3.53 3.54
 3.55 3.56 3.57 3.58 3.59 3.6  3.65 3.7  3.75 3.8  3.85 3.9  3.95 4.
 4.05 4.1  4.15 4.2 ]",
Water_Ice,H2O,680micron_140K,Not given,"[0.45 0.5  0.55 0.6  0.65 0.7  0.75 0.8  0.85 0.9  0.95 1.   1.01 1.02
 1.03 1.04 1.05 1.06 1.07 1.08 1.09 1.1  1.11 1.12 1.13 1.14 1.15 1.16
 1.17 1.18 1.19 1.2  1.21 1.22 1.23 1.24 1.25 1.26 1.27 1.28 1.29 1.3
 1.31 1.32 1.33 1.34 1.35 1.36 1.37 1.38 1.39 1.4  1.41 1.42 1.43 1.44
 1.45 1.46 1.47 1.48 1.49 1.5  1.51 1.52 1.53 1.54 1.55 1.56 1.57 1.58
 1.59 1.6  1.61 1.62 1.63 1.64 1.65 1.66 1.67 1.68 1.69 1.7  1.71 1.72
 1.73 1.74 1.75 1.76 1.77 1.78 1.79 1.8  1.81 1.82 1.83 1.84 1.85 1.86
 1.87 1.88 1.89 1.9  1.91 1.92 1.93 1.94 1.95 1.96 1.97 1.98 1.99 2.
 2.01 2.02 2.03 2.04 2.05 2.06 2.07 2.08 2.09 2.1  2.11 2.12 2.13 2.14
 2.15 2.16 2.17 2.18 2.19 2.2  2.21 2.22 2.23 2.24 2.25 2.26 2.27 2.28
 2.29 2.3  2.31 2.32 2.33 2.34 2.35 2.36 2.37 2.38 2.39 2.4  2.41 2.42
 2.43 2.44 2.45 2.46 2.47 2.48 2.49 2.5  2.51 2.52 2.53 2.54 2.55 2.56
 2.57 2.58 2.59 2.6  2.61 2.62 2.63 2.64 2.65 2.66 2.67 2.68 2.69 2.7
 2.71 2.72 2.73 2.74 2.75 2.76 2.77 2.78 2.79 2.8  2.81 2.82 2.83 2.84
 2.85 2.86 2.87 2.88 2.89 2.9  2.91 2.92 2.93 2.94 2.95 2.96 2.97 2.98
 2.99 3.   3.01 3.02 3.03 3.04 3.05 3.06 3.07 3.08 3.09 3.1  3.11 3.12
 3.13 3.14 3.15 3.16 3.17 3.18 3.19 3.2  3.21 3.22 3.23 3.24 3.25 3.26
 3.27 3.28 3.29 3.3  3.31 3.32 3.33 3.34 3.35 3.36 3.37 3.38 3.39 3.4
 3.41 3.42 3.43 3.44 3.45 3.46 3.47 3.48 3.49 3.5  3.51 3.52 3.53 3.54
 3.55 3.56 3.57 3.58 3.59 3.6  3.65 3.7  3.75 3.8  3.85 3.9  3.95 4.
 4.05 4.1  4.15 4.2 ]",
Ikaite,CaCO3*6H2O,Ikaite,Not given,[0.35  0.351 0.352 ... 2.498 2.499 2.5  ],
